https://www.niimbot.com,武汉精臣智慧标识科技有限公司
https://www.pep.com.cn,人民教育出版社
http://www.epet.com,重庆易宠科技有限公司
https://battleship.com.cn,杭州新舰科技有限公司
http://www.djcps.com,浙江东经科技股份有限公司
https://www.mindspore.cn/,MindSpore
https://www.avicfund.cn,中航基金管理有限公司
https://www.qxwz.com/,千寻位置网络有限公司
https://www.chinatelecomglobal.com/,中国电信国际
http://www.bmw-brilliance.cn/,华晨宝马汽车有限公司
https://www.flipos.cn,上海翻来翻去科技有限公司
https://www.bydglobal.comcnindex.html,比亚迪股份有限公司
https://hexiehealth.com.cn,和谐健康保险股份有限公司
https://www.mengniu.com.cn,内蒙古蒙牛乳业集团股份有限公司
http://www.bestpay.com.cn/,天翼电子商务有限公司
http://www.szse.cn/,深圳证券交易所
https://www.paypal.cn/,贝宝支付（北京）有限公司
http://www.generalichina.com/,中意财产保险有限公司
https://opengauss.org/,openGauss
https://www.ewww.com.cn/,渤海证券股份有限公司
http://www.cloud-wh.com/,云仓库广东信息科技有限公司
https://www.79game.com/,四川乐客互娱信息技术有限公司
http://www.didachuxing.com/,北京畅行信息技术有限公司
https://www.ourpalm.com/,北京掌趣科技股份有限公司
http://dw.ranbao121.cc/,重庆笃伟科技有限公司
http://www.xmccb.com/,厦门银行股份有限公司
https://www.fit2cloud.com/,杭州飞致云信息科技有限公司
https://www.neusoft.com,东软集团股份有限公司
https://hxjjpt.com,福建省金融云平台
https://hxfax.com,海峡金融资产交易中心
https://hxee.com.cn,海峡股权交易中心（福建）有限公司
https://xzgjzx.com,兴证（香港）金融控股有限公司
https://ixzzcgl.com,兴证证券资产管理有限公司
https://xzfutures.com.cn,兴证期货
https://xzfutures.com,兴证期货有限公司
https://xqrz.com.cn,兴证全球基金管理（上海）有限公司
https://xqfunds.com,兴证全球基金管理有限公司
https://www.xyzq.com.cn,兴业证券股份有限公司
http://www.sdhsg.com/index,山东高速集团
http://www.lerongsoft.com,深圳乐融软件技术有限公司
http://www.xd.com,心动网络股份有限公司
http://www.glasssix.com,西安第六镜网络科技有限公司
https://www.lixiang.com/,北京车励行信息技术有限公司
http://www.cloudwise.com,云智慧 (北京) 科技有限公司
http://www.cascorp.com.cn,卡斯卡特(厦门)叉车属具有限公司
http://www.bigonelab.com,北京百观科技有限公司
http://www.crcloud.com/#/home,深圳润联软件
https://www.genscript.com.cn,南京金斯瑞生物科技
https://www.genscipt.com.cn,657567
http://www.cr11g.com.cn,中铁十一局集团有限公司
https://www.airbnb.cn/,爱彼迎
https://www.amexpressnetwork.com/,连通(杭州)技术服务有限公司
http://www.gwm.com.cn,长城汽车股份有限公司
http://www.com,intelTest
https://www.agora.io/,声网科技
https://life.pingan.com,平安人寿
,迁移测试
http://www.youdiansoft.cn,长沙友点软件科技有限公司
http://www.htd.cn/,汇通达（SRC）
http://www.feihe.com,黑龙江飞鹤乳业有限公司
http://www.pingpongx.com,杭州乒乓智能技术股份有限公司
http://www.yuansuan.cn,浙江远算科技有限公司
http://www.htd.cn,汇通达网络股份有限公司
https://guoxin.cn,qbbslab
http://www.bctest.com,北京银联金卡科技有限公司
http://www.shcert.com,SHCERT
http://www.msbank.com,蒙商银行股份有限公司
http://www.maias.com.cn,黑玛亚时尚
http://www.miaozhen.com,秒针系统
http://www.cyberway.net.cn,广东赛百威信息科技有限公司
http://www.znlh.com,众能联合
http://www.crnetworks.com.cn,华润网络（深圳）有限公司
http://www.aiccec.cn,艾可寺克(武汉)文化有限公司
http://www.ceic.com,国家能源集团
http://www.ebiotrade.com,生物通
http://www.zuoyebang.com,作业帮教育科技（北京）有限公司
http://www.wanhu.com.cn,广州万户网络技术有限公司
http://fintechxm.ltd,厦门凡泰可网络科技有限公司
http://www.szsdyun.com,闪电云
http://www.nitsc.cn/,国家信息技术安全研究中心
https://www.openeuler.org,openeuler社区
http://www.soulapp.cn,上海任意门科技有限公司
https://www.huifu.com,上海汇付数据服务有限公司
http://www.kuaishou.com,北京达佳互联信息技术有限公司
https://www.sseinfo.com/,上证所信息网络有限公司
http://www.wens.com.cn,温氏食品集团股份有限公司
http://www.careland.com.cn,深圳市凯立德科技股份有限公司
http://www.zhenai.com,深圳市珍爱网信息技术有限公司
http://www.duiba.com.cn,兑吧集团
http://ikmPay.com,锦江区睿景广告设计工作室
http://www.caheb.gov.cn/,河北省互联网信息办公室
http://www.yonghui.com.cn,永辉超市股份有限公司
http://www.cz96120.com,沧州市中心医院
http:// security.duxiaoman.com,度小满科技(北京)有限公司
http://www.jjldxz.com,金吉列
http://www.wineyun.com,重庆云酒佰酿电子商务有限公司
http://www.pactera.com,文思海辉软件技术有限
http://www.gdei.edu.cn,广东第二师范学院
http://www.wfsectech.com,上海侨平信息科技有限公司
http://www.szltech.com,深圳道乐科技有限公司
http://www.peilian.com,上海妙克信息科技有限公司
http://www.zqgame.com,深圳中青宝互动网络股份有限公司
http://www.youzan.com,有赞
http://tantanapp.com,探探
http://www.xjtucc.cn,西安交通大学城市学院
http://www.ky.link,江苏快页信息技术有限公司
http://www.51jt.com,友信宝
http://www.saicmobility.com,享道出行
http://utt.com.cn,上海艾泰科技有限公司
http://www.chinaidcard.com,深圳华视电子读写设备有限公司
http://www.youlai.cn,有来医生
https://www.tongdun.cn,同盾科技有限公司
http://www.tianapi.com,天行数据
http://www.liulishuo.com,上海流利说信息技术有限公司
http://www.ichangtou.com,上海昌投网络科技有限公司
http://www.baimaohui.net,北京白帽汇科技有限公司
http://new.siemens.comcnzh.html,西门子（中国）有限公司
http://无,JSCERT企业
http://www.zhuge.com,北京诸葛找房信息技术有限公司
http://www.dq.cn,重庆市嘟旗科技有限公司
http://chechegroup.com,车车科技
 https://www.babel.finance,贝宝金融
http://tripg.com,差旅天下
http://www.wulintang.cn,南通伍林堂文化传播有限公司
http://new.aoshichangpian.cn,醴陵市傲世文化传媒有限公司
http://www.sit.com.cn,新疆熙菱信息技术股份有限公司
http://*.ebuick.com.cn,根域名
http://www.nhgre.com,瀚蓝绿电固废处理（佛山）有限公司
http://www.foomiao.com,福喵科技
http://www.feng.com,威锋网
https://www.onebank.com.cn/,华通银行
http://www.xinli001.com,广州市人心网络科技有限公司
http://www.xiji.com,西集网
http://jingtaikeji.com,深圳晶泰科技有限公司
http://www.szbookmall.com,深圳书城网络科技有限公司
http://www.taikang.com/,泰康保险集团股份有限公司
http://baihe.com,baihe.com
http://www.jiayuan.com,百合佳缘集团
http://www.ebasset.com,光大金控资产管理有限公司
http://www.firstjob.com.cn,上海学生事务中心
http://doit.com.cn,北京世纪百易网络有限公司
http://www.camel.com.cn,北京骆驼
http://www.sinotcc.com,中国化学工程第三建设有限公司
http://www.ronyon.cn,广州融远信息科技有限公司
http://www.8dfish.com,八度鱼
http://www.shopsn.net,上海亿速网络科技有限公司
http://www.justree.cn,上海榉树智能科技有限公司
http://www.mucang.cn,木仓科技
http://www.zjtcn.com,造价通
http://www.nxin.com,北京市农信互联科技集团有限公司
http://www.szlanyou.com,联友科技有限公司
http://www.ishansong.com,北京同城必应科技有限公司
http://show.one,show.one
http://www.800best.com,百世集团
http://www.xiubi.com,北京碰碰胡文化传媒有限公司
http://www.alauda.cn,北京凌云雀科技有限公司
http://www.crfeb.com.cn,中铁一局
http://www.zallgo.com,卓尔
http://www.comix.com.cn,深圳齐心集团股份有限公司
http://www.ispanish.cn,堂吉诃德学院APP
http://www.seeyon.com,北京致远互联软件股份有限公司
http://www.wondercv.com,超级简历WonderCV
http://www.fengpaitaxi.com,梅州蜂派网络科技有限公司
http://www.debuycn.com,深圳市德购商城科技有限公司
http://www.tongbu.com,厦门同步网络有眼公司
http://www.yungoucms.com,重庆韬龙网络科技有限公司
http://www.qimai.cn,北京七麦科技股份有限公司
http://www.bianlunzy.cn,西安市新城区潇湘争鸣网络工作室
http://www.adslr.com,成都飞鱼星科技股份有限公司
http://www.izhanchi.com,广东致学信息科技有限责任公司
http://www.jianbaolife.com,上海健保典科技有限公司
http://www.seowhy.com,深圳市夫唯伙伴信息咨询有限公司
http://www.xxdianjing.com,南京拳头网络科技有限公司
http://www.originoo.com,苏州原本图像科技有限公司
http://www.nfsq.com.cn,农夫山泉
http://www.cqhtwl.cn,洪塔网络
http://www.ujs.edu.cn,江苏大学
http://www.yixinyun.cc,东莞市亿信云网络科技有限公司
http://www.s-cms.cn,淄博闪灵网络科技有限公司
http://www.huami.com,华米科技
http://www.hifiman.cn,HIFIMAN
http://www.ict.edu.cn,中国教育信息化网
http://www.shuwang-tech.com,北京舒望网络科技有限公司
http://avoscloud.com,avoscloud.com
http://leancloud.cn,LeanCloud
http://lieyuncj.com,猎云财经
http://www.lieyunwang.com,猎云网
http://www.yixuezp.com,医学人才网
http://www.xafc.com,新安房产网
http://www.comba.com.cn,京信通信系统（中国）有限公司
http://modao.cc,北京磨刀刻石科技有限公司
https://www.tophant.com/,上海斗象信息科技有限公司
http://www.sdau.edu.cn,山东农业大学
http://www.gzhsvc.com,广州华商职业学院
http://www.shopex.cn,上海商派网络科技有限公司
http://www.tianxiaxinyong.com,深圳凤凰木网络有限公司
http://www.yiqifei.com,一起飞国际机票网
http://www.gomefinance.com.cn,国美金融
http://www.nankai.edu.cn,南开大学
http://www.chiscdc.com,南京中卫信软件科技有限公司
http://www.certusnet.com.cn,赛特斯信息科技股份有限公司
http://www.gwbn.net.cn,长城宽带网络服务有限公司
http://www.shuidi.cn,上海凭安征信服务有限公司
http://www.yqt365.com,上海蜜度信息技术有限公司
http://www.i-bei.com,爱贝亲子网
http://www.wenidc.com,稳网互联
http://ecook.cn,杭州魔厨科技有限公司
http://www.1haitao.com,海淘1号
http://www.ecook.cn,杭州魔厨科技有限公司
http://www.qzsec.com,浙江齐治科技股份有限公司
http://www.suzhoubank.com,苏州银行
http://www.pkuph.cn,北京大学人民医院
http://www.zhibo8.cc,直播吧
http://www.xtep.com,特步（中国）有限公司
http://www.lixiang.com,北京车和家信息技术有限公司
http://yiqizongyiyuan.com,一汽总医院
http://17tx.com,一汽通信
http://sanguard.com.cn,鑫安保险
http://fawbcc.com.cn,一汽客车
http://17ebank.com,一汽金融
http://faf.com.cn,一汽金融
http://fawshdn.com,一汽四环动能
http://faw-foundry.com.cn,一汽铸造
http://fawiec.com,一汽进出口
http://faw-logistics.com,一汽物流
http://faw-tq.com,一汽天奇
http://fawer.com.cn,一汽富奥
http://fawsn.com.cn,一汽富晟
http://fawfw.com.cn,一汽富维
http://fawtd.com,一汽模具
http://ftrd.com.cn,一汽丰田技术开发
http://tftm.com.cn,天津一汽丰田
http://sftm.com.cn,四川一汽丰田
http://sftmcf.com.cn,一汽长春丰越
http://ftms.com.cn,一汽丰田
http://wfieri.com,一汽无锡油泵油嘴研究所
http://wxdew.com,一汽解放无锡柴油机厂
http://fawjiefang.com.cn,一汽解放
http://fawmc.com,一汽吉林
http://faw-benteng.com,一汽奔腾
http://fawcar.com.cn,一汽轿车
http://faw-hongqi.com.cn,红旗
http://rdc.faw.com.cn,研发总院
http://faw.com,一汽
http://www.yuhong.com.cn,东方雨虹
http://www.wtoip.com,汇桔网
http://www.longfor.com,龙湖集团
http://hrmsv3-mlearning-admin.pingan.com.cn,hrmsv3-mlearning-admin.pingan.com.cn
http://mlearning.pingan.com.cn,mlearning.pingan.com.cn
http://zhi-niao.com,zhi-niao.com
http://www.southgis.com,广东南方数码科技股份有限公司
http://city.pingan.com,平安国际智慧城市科技股份有限公司
http://www.faw.com.cn,中国第一汽车集团有限公司
http://www.jundoo.com.cn,南京君度科技有限公司
http://www.jfpal.com,上海即富信息
https://www.qschou.com/,轻松筹
http://www.anquanhuoban.com,南京众安信息科技有限公司
http://plateno.com,铂涛
http://7daysinn.com,7天酒店
http://shnewasia.com,新亚
http://jinjianghotels.com.cn,jinjianghotels.com.cn
http://jjlysh.com,锦江乐园
http://jjauto.com,jjauto.com
http://jinjiang.com,锦江国际
http://www.jinjianginns.com,锦江之星
http://www.wehotelglobal.com,上海锦江国际电子商务有限公司
http://www.dongqiudi.com,懂球帝
http://www.techweb.com.cn,千钧万博（北京）信息技术有限公司
http://www.yfjiaoyu.com,上海优复教育科技有限公司
http://www.haiziwang.com,孩子王
http://www.goocoin.com,北京谷壳宝科技有限公司
http://www.houbank.com,上海厚本金融信息服务有限公司
http://www.xust.edu.cn,西安科技大学
http://www.desunsoft.com,南京世格软件有限责任公司
http://house.china.com.cn,中国网地产
http://www.lemicp.com,深圳市彩米科技
http://www.polyv.net,保利威
http://www.5star.cn,五星电器
http://www.dfrobot.cn,上海智位机器人股份有限公司
http://www.hiwuhuan.com,陕西五环胜道运动
http://baozoumanhua.com,暴走
http://www.missfresh.cn,每日优鲜
http://www.v-next.cn,v-next.cn
http://www.chinahtz.com,chinahtz.com
http://www.cnindex.com.cn,cnindex.com.cn
http://www.cninfo.com.cn,cninfo.com.cn
http://www.homeforsmes.com.cn,homeforsmes.com.cn
http://ruidi.shaheglass.net,河北瑞迪网络科技股份有限公司
http://www.shuowan.com,说玩互娱
http://www.happigo.com,快乐购物股份有限公司
http://www.szsi.cn,深圳证券信息有限公司
http://www.fjjyt.net,易联众民生（厦门）科技有限公司
http://www.ahzjy.org.cn/,安徽省产品质量监督检验研究院
http://www.nsu.edu.cn,成都东软学院
http://www.kunteng.org.cn,北京坤腾畅联科技有限公司
http://cslc.com.cn,中体彩科技发展有限公司
http://www.dmzj.com,动漫之家
http://www.700du.cn,700度保险网
http://www.hbhk.com.cn,河北航空有限公司
http://www.rc114.com,中国成都人才市场管理委员会办公室
http://souche.com,杭州大搜车汽车服务有限公司
http://www.zzmetro.cn,郑州地铁集团有限公司
http://www.mairuan.com,mairuan.com
http://www.makeding.com,苏州思杰马克丁软件有限公司
http://www.lesso.com,广东领尚环球之家贸易发展有限公司
http://www.ecton.com.cn/,山东易通发展集团有限公司
http://www.acfun.cn,北京弹幕网络科技有限公司
http://www.palmim.com,掌御科技
http://www.eisoo.com,上海爱数信息技术股份有限公司
http://www.cangtech.com,杭州轻仓科技有限公司
http://www.eskoda.com.cn,eskoda.com.cn
http://www.ebuick.com.cn,ebuick.com.cn
http://www.yappam.com,北京雅邦网络技术发展有限公司
http://www.dns0755.net,科迈爱康
http://1token.trade,上海墨沐金融信息服务有限公司
http://www.ydtg.com.cn,河北源达信息技术股份有限公司
http://security.creditease.cn,宜信安全应急响应中心
http:// www.csggs.com,河钢集团石钢公司
http://www.phoenixos.com,北京超卓科技有限公司
http://www.hantengauto.com,汉腾汽车有限公司
http://www.tczj.net,浙江旅游职业学院
http://www.nafmii.org.cn,中国银行间市场交易商协会
http://www.chinauff.com,老娘舅餐饮有限公司
http://www.cnjxol.com,嘉兴日报社
http://okjike.com,即刻APP
http://huabel.com,huabel.com
http://www.camscanner.com,camscanner.com
http://intsig.net,intsig.net
http://qixin.com,qixin.com
http://www.camcard.com,camcard.com
http://www.huaqin.com,华勤通讯技术有限公司
http://www.ccint.com,上海合合信息科技发展有限公司
http://www.c2oxls.com,泉州一点星辰网络科技有限公司
http://otcms.com,网钛科技
http://www.huatech.net,内蒙古华腾科技股份有限公司
http://www.duifene.com,对分易教学平台
http://www.jsbchina.cn,江苏银行股份有限公司
http://www.novogene.com,诺禾致源
http://www.caq.org.cn,中国质量协会
http://www.wisen.com.cn,广州智森信息科技有限公司
http://www.21cn.com,世纪龙信息网络有限责任公司
http://www.xujc.com,厦门大学嘉庚学院
http://www.chaogedu.com,超格教育
http://www.alienyun.cn,南京科斯迪信息科技有限公司
http://www.fanyigou.net,杭州轻寻科技有限公司
http://www.yitutech.com,上海依图网络科技有限公司
http://www.smartbi.com.cn,广州思迈特软件有限公司
http://www.smartbi.com.cn,广州思迈特软件有限公司
http://coding.net,深圳市扣钉网络科技有限公司
http://www.fxtrip.com,发现旅行
http://www.cfae.cn,北京金融资产交易所
http://yangkeduo.com,yangkeduo
http://www.pinduoduo.com/,拼多多
http://www.ctrip.com/,携程网
http://evun.cn,evun.cn
http://www.geely.com,杭州吉利易云科技有限公司
http://dianzhangm.zhipin.com,dianzhangm.zhipin.com
http://www.kanzhun.com,kanzhun.com
http://www.zhipin.com,北京华品博睿网络技术有限公司
http://www.szgas.com.cn,深圳市燃气集团股份有限公司
http://www.zaijia.com,北京小鱼在家科技有限公司
http://yingyonghui.com,yingyonghui.com
http://www.tteb.com,浙江华瑞信息资讯股份有限公司
http://www.zaojia.cn,zaojia.cn
http://zaojia.hymake.cn,zaojia.hymake.cn
http://www.hymake.com,厦门海迈科技股份有限公司
http://www1.dbappsecurity.com.cn,杭州安恒信息技术有限公司
http://www.js.10086.cn,江苏移动
http://dztb.ccb-life.com.cn,dztb.ccb-life.com.cn
http://elife.ccb-life.com.cn,elife.ccb-life.com.cn
http://www.ccb-life.com.cn,建信人寿保险股份有限公司
http://www.cnnic.net.cn/,中国互联网络信息中心
http://www.shoprobam.com,shoprobam.com
http://www.robam.com,老板电器
http://www.ximalaya.com,喜马拉雅fm
http://www.ztgame.com/,巨人网络
http://www.omegatravel.net,欧美嘉旅游网
http://www.zhiye.com,zhiye.com
http://www.tita.com,tita.com
http://www.beisen.com,北京北森云计算股份有限公司
http://www.yijingyou.com,山东逸景游信息科技有限公司
http://www.lichengzhengxin.com,立诚征信
https://appstore.yonyou.com/sites/f.php?k=307ee8df,如皋农商行产品定价系统APP
https://appstore.yonyou.com/sites/f.php?k=9ca04733,如皋农商行绩效系统APP
http://ec.3wyk.com/ecenter/fenxiang_mobileEWC.htm,如皋农商行移动数仓APP
http://61.177.200.252:8098/suntow/images/release.apk,如皋农商行尽调系统APP
http://1833939.s21d-1.faiusrd.com/74/ABUIABBKGAAg05qGtgUokPOy6gE.apk,泗洪农商行随身宝APP
http://1833939.s21d-1.faiusrd.com/74/ABUIABBKGAAgnavtyQUo3LWuaw.apk,泗洪农商行运营管理APP
http://www.jsgyrcb.com/,灌云农商银行
http://223.111.158.28/imtt.dd.qq.com/16891/A881990ED946D8B620E95FC34ED8F631.apk?mkey=59e72a5af52dae80&f=2e80&c=0&fsname=cn.com.untech.suqian.loan_1.0_2.apk&csr=1bbd&p=.apk,宿速e APP
http://221.130.81.80:9090/bank_phone/DownloadAPP?filetype=apk,丰县农商行资产服务APP
http://221.130.81.80:8090/biapp/esenface.apk,丰县农商行数智精灵APP
http://www.zjrcbank.com/,紫金农商行
http://www.wandoujia.com/apps/com.shanghexinxi.app,e行无忧APP
http://dwz.cn/tc_fx,太仓农商行手机银行APP
http://ff-app-cms.pingan.com.cn/dmz/qidong-download-1701/qidong-download-1701/html/download.html,启富东疆APP
http://www.js96008.com/,js96008.com
http://www.js96008.com/,江苏省联社
http://www.enkj.com,河南亿恩科技股份有限公司
http://www.rizhaosteel.com,日照钢铁有限公司
http://www.263.net,北京二六三企业通信有限公司
http://www.youxiake.com,游侠客旅游网
http://www.dajiuxing.com.cn,江泰救援服务有限公司
http://www.jianke.com,广东健客医药有限公司
http://www.zhongqijueqi.com,中企崛起网络技术(北京)有限公司
http://www.codoon.com/,咕咚
http://www.uniview.com,浙江宇视科技有限公司
http://www.antutu.com/,北京安兔兔科技有限公司
http://www.bt.cn,宝塔面板
http://www.phicomm.com,上海斐讯数据通信技术有限公司
http://www.chutianyun.gov.cn,湖北省楚天云有限公司
http://www.nongxinyin.com,农信银资金清算中心
http://www.ciopaas.com,ciopaas.com
http://www.yihaohulian.com,深圳市一号互联科技有限公司
http://www.chinac.com,chinac.com
http://www.huayun.com,华云数据
http://www.babytree.com,宝宝树
http://www.zjqdjf.com,浙江钱都信息服务有限公司
http://www.uniocredit.com,全联征信有限公司
http://www.3cka.com,快易付
http://www.10010.com,天津联通
http://www.wzbank.cn,温州银行
http://www.rgpsy.com,北京奥泰瑞格科技有限公司
http://www.znuotech.com,正诺科技
http://www.umu.cn,UMU学习平台
http://www.51talk.com,无忧英语
http://www.lxsec.com,联讯证券
https://www.ichunqiu.com/,i春秋
http://www.huzhan.com,安徽互聚网络科技有限公司
http://www.jac.com.cn,江淮汽车
http://www.crccre.com,中国铁建地产集团
http://zjmax.com,浙金网
http://www.henandaily.cn,河南日报
http://www.interotc.com,中证机构间报价系统股份有限公司
http://www.tdhxkj.com,北京天地和兴科技有限公司
http://www.1hai.cn,一嗨租车
http://www.baozun.com,宝尊电商
http://www.genomics.cn,华大基因
http://www.wtcf.org.cn,世界旅游城市联合会
http://www.y-me.mobi,上海盼客信息科技有限公司
http://ccb.com,建设银行
http://www.tophere.cn,杭州鼎好科技有限公司
http://www.chinanetcenter.com,chinanetcenter.com
http://www.wangsu.com,网宿科技股份有限公司
http://www.yooli.com,有利网
http://www.feiniu.com,飞牛网
http://g2ex.com,G2EX
https://www.chanjet.com/,畅捷通
http://www.bsb.com.cn,包商银行股份有限公司
http://www.wasu.com,华数数字电视传媒集团
http://www.51ias.com,动视云科技
https://www.liebao.cn/,liebao.cn
http://www.wps.cn/,wps.cn
http://iciba.com/,iciba.com
http://www.xoyo.com/,xoyo.com
http://www.xishanju.com/,xishanju.com
http://www.kingsoft.com,金山软件
http://www.xtbank.com,邢台银行
http://www.jc.net.cn,中国建材在线
http://kekenet.com,北京可可网络科技有限公司
http://www.hbooker.com,杭州狂想网络科技有限公司
http://cxxmobi.com,上海成蹊信息科技有限公司
http://www.iyuedan.cn,约单APP
http://www.kodcloud.com,上海岱牧网络有限公司
http://www.mhkdvr.com,明宏凯实业有限公司
http://www.weshare.com.cn,掌众金服
http://ww.guotaigold.hk/,香港国泰金业
http://www.ozner.net,上海浩泽净水科技发展有限公司
https://www.gzmpc.com/,广州医药有限公司
http://www.gomepay.com ,gomepay.com
http://www.qlchat.com,沐思科技
http://www.jianshu.com,简书
http://gomemyc.com,gomemyc.com
http://gomefinance.com.cn,gomefinance.com.cn
http://gomemyf.com ,gomemyf.com
http://www.plateno.com,铂涛集团
http://www.gome.com.cn,gome.com.cn
http://www.gomeholdings.com,国美控股集团
http://www.fadada.com,深圳法大大网络科技有限公司
http://www.dptech.com,杭州迪普科技股份有限公司
http://auto.conch.cn,安徽海螺信息技术工程有限责任公司
http://www.perfect99.com,完美中国
http://www.101test.com,101test.com
http://www.newcapec.com.cn,新开普电子股份有限公司
http://www.huoshan.com,火山小视频
http://www.jdhui.com,慧聪网
http://www.hbbill.com,河北省金融票据协会
http://gd.10086.cn,中国移动通信集团广东有限公司
http://www.caiyiduo.com,上海摩恩网络科技有限公司
http://www.tsanghai.com.tw,沧海书局
http://www.luheintl.com,北京潞河国际教育学园
http://lubanway.com,lubanway.com
http://lubanu.com,lubanu.com
http://lubansoft.com,上海鲁班软件股份有限公司
http://www.vipkid.com.cn,VIPKID
http://www.17173.com,17173.com
http://www.chtwm.com,恒天财富投资管理股份有限公司
http://www.daole.org,上海到乐国际物流有限公司
http://www.beimeigoufang.com,北京纳瑞财富投资咨询有限公司
http://www.newcger.com,新CG儿
https://www.qiniu.com,上海七牛信息技术有限公司
http://www.misuland.com,上海摩诃网络科技有限公司
http://www.haaic.gov.cn,haaic.gov.cn
http://www.hxgs.gov.cn,hxgs.gov.cn
http://www.jygs.gov.cn,jygs.gov.cn
http://www.zmdgs.gov.cn,zmdgs.gov.cn
http://www.zkgs.gov.cn,zkgs.gov.cn
http://www.sqaic.gov.cn,sqaic.gov.cn
http://www.lhgs.gov.cn,lhgs.gov.cn
http://www.xcsgs.gov.cn,xcsgs.gov.cn
http://www.smxaic.gov.cn,smxaic.gov.cn
http://www.pysgs.gov.cn,pysgs.gov.cn
http://www.hbgs.gov.cn,hbgs.gov.cn
http://www.hajzaic.gov.cn,hajzaic.gov.cn
http://www.aygsj.gov.cn,aygsj.gov.cn
http://www.xxaic.gov.cn,xxaic.gov.cn
http://www.pdsaic.gov.cn,pdsaic.gov.cn
http://www.lygs.gov.cn,lygs.gov.cn
http://www.gsj-kf.gov.cn,gsj-kf.gov.cn
http://www.zzgs.gov.cn,zzgs.gov.cn
https://www.yupaopao.cn/,上海鱼泡泡信息科技有限公司
http://www.fblife.com,FBLife
https://www.ksyun.com/,金山云
http://www.isphere.top,北京华云合创科技有限公司
https://www.shanbay.com,扇贝
http://www.haaic.gov.cn,河南省工商行政管理局
http://www.cni23.com,中国核工业二三建设有限公司
http://www.hn.10086.cn,中国移动通信集团湖南有限公司
http://WWW.CNNIC.CN,中国互联网络信息中心
http://9fgroup.com,9fgroup.com
http://9fpuhui.com,9fpuhui.com
http://9f.cn,9f.cn
http://www.9fbank.com,玖富
http://www.sipspf.org.cn,苏州工业园区社会保险基金和公积金管理中心
http://www.putiantaili.com,普天太力
http://www.zto.com,中通快递
http://www.dayrui.com,成都天睿信息技术有限公司
http://www.iboxpay.com,盒子支付
http://www.yit.edu.cn,燕京理工学院
http://www.ximo.com.cn,上海西默通信技术有限公司
http://www.lzu.edu.cn,兰州大学
http://www.cslo.cn,cslo.cn
http://www.sporttery.cn,竞彩网
http://dhc.com.cn,大连华信
http://www.jk.cn,平安健康互联网
http://www.ch.com,春秋航空
http://www.obikeinc.com,obikeinc.com
http://www.o.bike,oBike Inc
http://www.soochowlife.net,东吴人寿保险股份有限公司
http://www.mxcf.cn,深圳富海民享财富管理有限公司
http://www.biyao.com,必要商城
http://www.hxjyam.com,华夏久盈资产管理有限责任公司
http://www.wangyuan.com,北京网元圣唐娱乐科技有限公司
http://www.yueqiquan.cn,yueqiquan.cn
http://www.mingbikes.com,广州悦骑信息科技有限公司
http://www.hexindai.com,和信电子商务有限公司
http://www.kuaizip.com,上海广乐网络科技有限公司
http://www.logiue.com,logiue.com
http://store.logitech.com.cn,store.logitech.com.cn
http://shop.sennheiser.com.cn,shop.sennheiser.com.cn
http://www.wincheers.com,双齐国际
http://www.jlxueche.com,jlxueche.com
http://www.fxplm.com,浙江驾联信息有限公司
http://www.sepri.csg.cn,南方电网科学研究院有限责任公司
http://www.zjtyd.com,zjtyd.com
http://www.chintelc.com,chintelc.com
http://www.simbatt.com,simbatt.com
http://www.idealenergy.com,idealenergy.com
http://www.chinacne.com,chinacne.com
http://im.chint.com,im.chint.com
http://www.xinhuagroup.com,xinhuagroup.com
http://www.chitic.com,chitic.com
http://www.seari.com.cn,seari.com.cn
http://www.chintautoparts.com,chintautoparts.com
http://www.chintcable.com,chintcable.com
http://www.chintpower.com,chintpower.com
http://elec.chint.com,elec.chint.com
http://www.astronergy.com,astronergy.com
http://www.noark.cn,noark.cn
http://www.juzilicai.com,juzilicai.com
http://www.fenqile.com,fenqile.com
https://www.lexin.com,乐信集团
http://www.duihao.com,对号科技有限责任公司
http://www.drcl.com.cn,上海汇和信息技术有限公司
http://www.daojia.com.cn,到家美食会
http://www.leyif.com,乐易付网络科技有限公司
http://www.91ylian.com,杭州蜜帅文化创意有限公司
http://www.chint.com,浙江正泰电器股份有限公司
http://www.zjbird.com,住建鸟网络科技(上海)有限公司
http://www.xlkh.com.cn,北京信联科汇科技有限公司
http://www.gionee.com,深圳市金立通信设备有限公司
http://www.huluxia.com,葫芦侠
http://www.bjgold.com.cn,北京黄金交易中心有限公司
http://www.lxgov.cn,领衔集团
http://www.nowcoder.com,牛客网
http://www.chuanjs.com,chuanjs.com
http://www.ehuodi.com,ehuodi.com
http://www.kuoyu888.com,kuoyu888.com
http://www.lujing56.com,lujing56.com
http://www.transfar56.com,transfar56.com
http://www.tf56.com,传化公路港物流有限公司
http://www.ldygo.com,联动云租车
http://www.seiue.com,希悦
http://www.nmgaisino.com,nmgaisino.com
http://www.sxhtjs.com.cn,sxhtjs.com.cn
http://www.bjaisino.com,bjaisino.com
http://www.ejinsui.com.cn,ejinsui.com.cn
http://www.i-xinnuo.com,i-xinnuo.com
http://www.jiewen.com.cn,jiewen.com.cn
http://www.cwca.com.cn,cwca.com.cn
http://www.aisinochip.com,aisinochip.com
http://www.realserver.com.cn,realserver.com.cn
http://www.asgcc.com,asgcc.com
http://www.aisino.com,航天信息股份有限公司
"http://www.enuoyun.com,www.enuomall.com",aisino-heb.com
http://www.aisino-heb.com/,河北航天信息技术有限公司
http://www.dcfund.com.cn,大成基金
"http://www.simcere.com,www.isimcere.com",simcere.com
http://www.simcere.com,先声药业
http://www.umpay.com,联动优势科技有限公司
http://www.aegonthtf.com/,同方全球人寿
http://www.51cto.com/,51CTO
http://bytedance.com,bytedance.com
http://www.toutiao.com/,今日头条
http://www.liqucn.com,北京历趣科技有限公司
http://wx.gdems.com,wx.gdems.com
http://www.emspost.com.cn,中国邮政速递物流股份有限公司广东省分公司
http://Audiclub.cn,Audiclub.cn
http://Audi-online.cn,Audi-online.cn
http://Vw-online.cn,Vw-online.cn
http://My-audi.com.cn,My-audi.com.cn
http://www.faw-vw.com/,一汽-大众汽车有限公司
http://www.dianhun.cn,电魂
http://www.dailyyoga.com,dailyyoga.com
http://www.dailyyoga.com.cn/,每日瑜伽
http://xiaorizi.me,小日子
http://www.tnyoo.com/,云南天之游
http://www.tiantianlicai.com,天天理财
http://www.mama100.com/,mama100.com
http://www.biostime.com,biostime.com
http://www.mafengwo.cn/,蚂蜂窝旅行网
http://www.haidilao.com,海底捞
https://www.wenjuan.net/,问卷网
http://www.zhaouc.com/,塔人网络
http://www.shuidihuzhu.cn/,水滴互助
http://www.jiguo.com,极果
http://www.vrvmail.com.cn,vrvmail.com.cn
http://www.linkdood.cn,linkdood.cn
http://www.vrv.com.cn,北信源
http://www.reflower.com.cn,花点时间
http://www.heiguang.com/,黑光网
http://www.4008118228.cn,4008118228.cn
http://www.greatlife.cn/,长城人寿
http://guazi-corp.com,guazi-corp.com
http://chesupai.cn/,chesupai.cn
http://www.guazi.com,瓜子二手车
http://zhenghe.cn,政和通
http://www.jieqi.com,杰奇网络
http://www.coloros.com,coloros.com
http://www.oppo.cn,oppo.cn
http://www.opposhop.cn,opposhop.cn
http://www.oppo.com,OPPO
http://www.yunjiweidian.com/,云集微店
http://www.dfzq.com.cn,东方证券
http://hxlife.com/,hxlife.com
http://www.hualife.cc/,华夏保险
http://reitsfax.com,reitsfax.com
https://reitschain.com,瑞资（北京）科技有限公司
https://www.xinda.im,珠海信达九州科技有限公司
http://www.moretv.com.cn,电视猫
http://www.grouplus.com,深圳市八零年代网络科技有限公司
https://www.bestsign.cn/,杭州尚尚签网络科技有限公司
http://www.adagelogistics.com/,爱递吉供应链管理服务有限公司
http://www.whaley.cn,微鲸科技有限公司
http://www.leagpoint.com/,leagpoint.com
http://www.leagcard.com/,leagcard.com
http://www.cupdata.com/,银联数据
http://www.winpow.com,盈创动力
http://www.urpsoft.com/,北京清元优软科技有限公司
http://www.handpay.com.cn,瀚银科技
http://www.iwencai.com/,iwencai.com
http://www.10jqka.com.cn,同花顺
https://www.qian88.com/,钱爸爸
http://www.nsrfww.com/,nsrfww.com
http://www.nau.edu.cn,南京审计大学
http://www.chaoaicai.com,超爱财
http://www.airchina.com.cn,中国航空
http://www.bjtuhbxy.cn/,北京交通大学海滨学院
http://www.v95.net,v95.net
http://www.mycike.net,深圳华中互联科技有限公司
http://www.whir.net,万户网络
http://www.ppwallet.cn,北京掌上汇通科技发展有限公司
http://www.hikvision.com,海康威视
http://www.cccb.cn,长春农商银行
http://www.appchina.com,掌汇天下
https://www.yto.net.cn/,圆通速递
http://www.duxiu.com,duxiu.com
http://www.chaoxing.com/,北京世纪超星信息技术发展有限责任公司
http://www.suda.edu.cn,苏州大学
http://www.caissa.com.cn/,凯撒旅游
http://www.aipai.com/,爱拍
http://www.chshcms.com,CSCMS
http://www.chinaconch.com,海螺集团
http://www.jcpeixun.com,深圳市技成科技有限公司
http://www.koolearn.com/,新东方在线
http://laifenqi.com,laifenqi.com
http://qudian.com,qudian.com
http://www.qudian.com/,趣店集团
http://cloudsino.cn,cloudsino.cn
http://www.topmaas.com,广州云新信息技术有限公司
http://www.17g.com,新浪游戏公会平台
https://www.weaver.com.cn,泛微
http://www.19lou.com,十九楼
http://www.mrobot.cn,上海木爷机器人技术有限公司
http://www.miao.cn/,妙健康
http://www.m6go.com/,m6go.com
http://ztmao.com,主题猫
http://525happy.cn,525happy.cn
http://525happy.com,525happy.com
http://www.biechipang.net/,biechipang.net
http://www.chuangleren.com/,创乐网
http://www.htffund.com/,汇添富基金
https://www.lagou.com/,拉勾网
http://www.cdsu.edu.cn/,成都体育学院
http://www.zjtlcb.com,浙江泰隆商业银行
http://www.urtrust.com.cn/,众诚保险
http://www.cfldcn.com,华夏幸福基业股份有限公司
http://www.xiaoyi.com,小蚁科技
http://www.i-wall.com.cn,北京信长城技术研究院
http://www.szzrsf.com/,szzrsf.com
http://www.zrsf.com/,zrsf.com
http://www.e-invoice.com.cn,e-invoice.com.cn
http://www.njau.edu.cn/,南京农业大学
http://www.chengdu.cn/,成都全搜索
http://vigocam.com,域高科技有限公司
http://www.huan.tv,欢网科技
http://miaov.com/,妙味课堂
https://www.dragonpass.com.cn/,龙腾出行
http://vivo.com,vivo.com
http://vivo.cn,vivo.cn
http://www.vivo.com.cn/,vivo
http://www.kunlunhealth.com,昆仑健康保险股份有限公司
http://www.redbull.com.cn/,红牛维他命饮料有限公司
http://www.mogutrip.cn/,蘑菇旅行
http://www.pandatv.com,pandatv.com
http://www.panda.tv/,熊猫直播
http://www.talicai.com/,她理财
http://www.0110y.com/,0110y.com
http://www.94hwan.com/,北京开源纵横网络有限公司
http://www.amaxit.net,华美科技（苏州）有限公司
https://www.xunliandata.com/,xunliandata.com
http://www.cardinfolink.com/,讯联数据
http://www.yunkechina.com,yunkechina.com
http://www.iquicker.com,iquicker.com
http://www.iquicker.com.cn,iquicker.com.cn
http://www.dcholdings.com,dcholdings.com
http://www.dcits.com,dcits.com
http://ksapisrv.com,ksapisrv.com
http://gifshow.com,gifshow.com
http://kwai.com/,kwai.com
http://kwai.net/,kwai.net
http://www.kuaishou.cn/,kuaishou.cn
http://www.kuaishou.com/,快手
http://www.huazhu.com/,华住酒店集团
https://www.quickwallet.com/,quickwallet.com
http://qukuai.com/,qukuai.com
https://www.bitvc.com/,BitVC
http://www.kysec.cn/,开源证券
http://www.yintong.com.cn,连连支付
http://www.dongguanbank.cn/,东莞银行
http://www.edianzu.cn,易点租
http://hifuntv.com/,hifuntv.com
http://www.mgtv.com/,芒果TV
http://www.sunlife-everbright.com/,光大永明人寿
http://www.ehuatai.com/,华泰财险
http://12366.net/,12366.net
http://www.baiwang.com.cn/,百望
http://www.fapiao.com/,发票通
http://www.vzoom.com/,微众税银
http://www.chnbs.net/,中润四方
http://www.apiins.com/,亚太财产保险有限公司
http://www.funying.cn/,嘉兴市派映网络科技有限公司
http://www.znyshurufa.com,znyshurufa.com
http://www.znshuru.com/,智能云输入法
http://www.2133.com/,2133网页游戏
http://www.yhd.com/,一号店
http://www.yles.cn/,永乐文化
http://www.228.com.cn/,永乐票务
http://idol001.com/,爱豆网络
http://www.nesc.cn/,东北证券
http://www.liwai.com/,里外网
http://www.huasongauto.com/,huasongauto.com
http://www.zhonghuacar.com/,zhonghuacar.com
http://www.jinbei.com,华晨金杯
http://www.brilliance-auto.com/,华晨汽车集团
http://www.webpowerchina.cn/,webpowerchina.cn
http://www.webpowerchina.com/,Webpower
http://suanya.cn/,智行火车票
http://www.hldd.com/,好礼多多
http://www.ik3cloud.com/,金蝶云ERP
http://www.789yz.com/,阆中市普罗米网络科技有限公司
http://www.hazq.com.cn,hazq.com.cn
http://www.hazq.com/,华安证券
https://www.qingtui.im/,轻推
http://www.huilianyi.top,汇联易域名5
http://www.huilianyi.cn,汇联易域名4
http://www.huilianyi.net,汇联易域名3
http://www.huilianyi.com.cn,汇联易域名2
http://www.huilianyi.com/,汇联易
http://www.gongjiaoxing.com/,公交行
http://www.tiamaes.com/,天迈科技
http://www.zotyeglobal.com,zotyeglobal.com
http://www.zotye-ev.com,zotye-ev.com
http://www.tech-new.cn,tech-new.cn
http://www.zotye.com/,众泰汽车
http://www.kuaidi100.com,快递100
http://www.yunzhijia.com/,云之家
http://www.kingdee.com,金蝶软件
https://www.91160.com/,就医160
http://www.neau.edu.cn/,东北农业大学
http://www.zszq.com/,中山证券
http://www.glut.edu.cn/,桂林理工大学
http://www.fxdata.cn,fxdata.cn
http://www.ifeixiang.com/,飞享
http://www.52jiaoshi.com/,我爱教师网
http://www.zju.edu.cn/,浙江大学
https://www.yolipai.com,有礼派
http://pubmed.cn/,pubmed.cn
http://www.biomart.cn/,丁香通
http://www.jobmd.cn/,丁香人才
http://dxy.com/,dxy.com
http://www.dxy.cn/,丁香园
http://www.leiting.com/,雷霆游戏
http://www.ucap.com.cn/,开普云
http://www.hkrt.cn/,支付通
https://www.ixijian.com,玺鉴
http://www.zybus.com/,综艺巴士
http://www.100msh.cn,100msh.cn
http://www.100msh.com,100msh.com
http://www.100msh.net/,百米生活
http://www.114chn.com/,中国114黄页
http://www.evergrande.com/,恒大集团
http://dell.com,戴尔
http://www.hit.edu.cn,哈尔滨工业大学
http://app.jismao.com,云南极速电子商务有限公司
http://www.cumt.edu.cn/,中国矿业大学
http://www.med126.com/,医学全在线
http://www.immomo.com/,陌陌
http://www.sohu.com/,搜狐
http://www.xiaolajiao.com/,小辣椒
http://www.w1515.com/,玩略猫
http://www.awinic.com.cn/,上海艾为电子技术股份有限公司
http://hiremeplz.com/,来租我吧
http://www.maiyatian.com/,麦芽田
http://www.yinyuetai.com/,音悦台
http://www.oneplus.cn/,一加
http://vivame.cn/,VIVA畅读
http://www.hrloo.com/,三茅
http://www.hunlimao.com/,婚礼猫
http://www.ecaic.com,ecaic.com
http://www.capli.com.cn/,长安责任保险股份有限公司
http://www.zhenghaowl.com/,正好网络科技(湖北)有限公司
http://www.dbshop.net/,DBShop
http://www.12306.com/,点点出行
http://www.czzdit.com/,czzdit.com
http://www.ylsoft.com/,郑大信息技术有限公司
https://www.jointforce.com/,北京中软国际信息技术有限公司
http://www.haochang.tv/,好唱
http://www.xinnet.net,xinnet.net
http://www.xinnet.cn,xinnet.cn
http://www.xinnet.com/,新网
http://www.9air.com/,九元航空
http://www.dashen.tv/,大神TV
http://www.youshixiu.com/,大神互动
http://www.jumei.com/,聚美优品
http://www.hundsun.com/,恒生电子
http://www.tiange.com/,天格科技（杭州）有限公司
http://www.youxinpai.com/,优信拍
http://www.xin.com/,优信
http://www.guojiang.tv/,果酱直播
http://www.12308.com/,12308
http://www.yunsuo.com.cn/,云锁
http://www.021.com/,021.com
http://www.shgaoxin.net/,上海高欣计算机系统有限公司
http://www.insaic.com/,上海汽车集团保险销售有限公司
http://www.100credit.com/,百融金服
http://www.le.com,乐视网
http://www.skoda.com.cn/,斯柯达
http://www.svw-volkswagen.com/,svw-volkswagen.com
http://www.csvw.com/,上汽大众汽车有限公司
http://www.tm.cn/,tm.cn
http://www.393.com/,393商标网
http://www.beihua.edu.cn/,北华大学
http://www.etcp.cn/,ETCP
https://www.midai.com/,米贷网
http://www.cmfchina.com/,招商基金
http://www.meipai.com/,美拍
http://www.meitu.com/,美图
http://west263.com,西部数码2
http://www.west.cn,西部数码
http://www.jb51.net/,脚本之家
http://www.iskyshop.com/,ISkyShop
http://www.yaochufa.com/,要出发周边游
http://www.chinaz.com,站长之家
http://www.yunerp.net,云天下4
http://www.yunstock.com/,云天下3
http://www.yunera.com,云天下2
http://www.yunteam.com/,云天下
http://www.tsingtao.com.cn/,青岛啤酒
http://www.atzbp2g.com/,安投资本
http://sunmax.vip/,上海玫瑰医疗美容医院
http://www.chinahr.com/,中华英才网
http://58.com,58同城
http://www.koudai.com/,口袋购物
http://www.vdian.com,微店2
http://www.weidian.com/,微店
http://365jia.cn/,万家热线
http://www.chuangpinke.com/,创品客网
https://www.teambition.com,Teambition
http://www.yonyou.com/,用友公司
http://www.zfsoft.com/,正方软件
http://www.qimingcx.com/,企明创想
http://115.com/,115.com
http://www.qclc.com/,钱诚理财
http://www.dongfeng-nissan.com/,东风日产乘用车公司
http://www.trip8080.com,畅途网2
http://www.changtu.com/,畅途网
http://www.timetrace.me/,TimeTrace(一点时间)
http://www.chinaexpressair.com/,华夏航空
http://www.kaluli.com/,卡路里
http://www.shihuo.cn/,识货
http://www.hupu.com/,虎扑体育
http://www.ejintai.com/,锦泰保险
http://www.elex-tech.com/,智明星通
http://www.vpubao.com/,微铺宝
http://www.cofco.com/,中粮集团
http://www.71dai.com/,企易贷
http://www.richibank.com,镭驰金控
https://www.minxindai.com/,民信贷
http://www.wuling.me/,屋瓴网
http://www.chinadatapay.com/,数据宝
http://www.zznissan.com.cn/,郑州日产
http://www.kuaiandai.com/,快安贷
http://www.mmtrix.com/,性能魔方
http://www.feiniubus.com/,易达飞牛交通科技有限公司
http://www.kuyoo.com/,酷游网游交易平台
http://www.fzhcl.com/,海存量（福建）网络科技有限公司
http://www.ddky.com/,叮当快药
http://www.wepiao.com/,微票儿
http://www.51job.com/,前程无忧
http://www.hadsky.com/,HadSky
http://breadtrip.com,面包旅行
http://www.ewan.cn/,益玩游戏
https://www.bybutter.com/,黄油相机
http://www.zychr.com/,自由策划
http://www.ihuiye.cn/,慧业网
http://www.simba.pro/,SimbaPro
http://www.isimba.cn,北京世纪奥通科技有限公司
http://www.kongfz.cn/,孔夫子拍卖
http://www.kongfz.com/,孔夫子旧书网
http://www.womaiapp.com/,我买网
http://www.womai.com,中粮我买网
http://www.mckuai.com/,麦块
http://www.gcjiujiu.com/,光彩玖玖2
http://www.jojojr.cn/,光彩玖玖
http://www.joyoung.com/,九阳股份有限公司
http://www.sioeye.com/,喜爱科技有限公司
http://www.wonderscloud.com/,万达信息
http://www.sinopharm.com/,国药集团
http://www.lnest.com/,紫竹数码
http://www.91wan.com,91WAN网页游戏平台
http://www.weedong.com/,维动科技
https://clurl.cn,随身差旅4
https://www.chailv8.com,随身差旅3
https://www.suishenchailv.com/,随身差旅2
https://www.suishenchailv.com/,随身差旅
http://www.mplife.com,名品导购网
http://www.kamenwang.com/,卡门网
http://www.fulu.com/,福禄网络
http://www.happyelements.com,乐元素
http://www.sicnu.edu.cn,四川师范大学
http://glodonedu.com/,广联达教育
http://gldjc.com/,广材网
http://www.fwxgx.com/,服务新干线
http://www.glodon.com/,广联达
https://m.wolaidai.com/,我来贷
http://www.sgmw.com.cn/,上汽通用五菱
http://www.saicmotor.com/,上汽集团
http://ehuzhu.com/,e互助
https://www.puyitou.com/,普益投
http://baoxian.com/,保网
http://www.cjsc.com/,长江证券3
http://www.cjsc.com.cn,长江证券2
http://www.95579.com/,长江证券
https://www.sanxiapay.com,三峡付
http://www.ccqtgb.com/,重庆三峡银行
http://www.sokuda.com/,速可达科技
http://www.bagecms.com/,BageCMS
http://www.bagesoft.cn,八哥软件
http://www.studypay.com/,学派网
http://www.topsage.com/,大家网
http://www.zjjs.edu.cn/,浙江建设职业技术学院2
http://www.zgms.com/,中国美术之家
http://www.xqlmcn.org/,校企联盟
http://www.chinaskills-jsw.org/,全国职业院校技能大赛
http://www.zjjy.net/,浙江建设职业技术学院
http://www.cwddd.com/,畅网
https://www.futu5.com/,富途证券
http://www.qianneizhu.com/,钱内助
http://www.zjedu.tv/,浙江教育网络电视
http://www.zjer.cn,浙江教育资源公共服务平台
http://www.zjedu.org/,浙江省教育技术中心
http://www.zjedu.gov.cn,浙江省教育厅
http://www.erduo.in/,耳朵音乐2
http://www.earcms.com,耳朵音乐
http://www.njtc.edu.cn/,内江师范学院
http://www.safedog.cn/,安全狗
https://www.sogou.com/,搜狗
http://www.hubu.edu.cn,湖北大学
http://www.sjnk.com.cn/,日本财险
http://www.baixing.com/,百姓网
http://www.taoqian123.com/,淘钱宝
https://www.aqdog.com/,安犬
http://www.jw-assoc.com/,上海柯力士
http://www.dianbank.com/,点银网
http://www.xmut.edu.cn,厦门理工学院
http://www.gongchang.com,世界工厂网
http://www.xizhi.com/,郑州悉知
http://www.haoqee.com/,好奇科技
http://www.fuxinbank.com/index,阜新银行
http://www.zhongmin.cn/,中民保险网
http://www.hecom.cn/,和创科技
http://www.upotv.cn/,优朋传媒
http://www.voole.com,优朋普乐
http://hzfgj.gov.cn/,杭州市住房保障和房产管理局
https://www.gzjkp2p.com/,金控网贷
http://www.bundcollege.com,外滩云学院
http://www.bundtrade.com,外滩云财富2
https://www.bundwealth.com/,外滩云财富
http://www.jujicn.com/,聚机科技
http://www.wenfex.com/,文金所
http://bijietech.com/,比捷科技
http://www.tuanshangkeji.com/,团尚科技2
http://www.petope.com/,尚贷
http://www.shangdaixitong.com/,团尚科技
http://www.showself.com,思享时光
http://www.nblf.com.cn/,宁波灵峰信息
http://www.lnu.edu.cn/,辽宁大学
http://www.cebbank.com/,中国光大银行
http://www.duolerong.com/,多乐融
http://www.kunyuanfund.com/,坤元投资
http://www.kunyuanasset.cn/,坤元资产
http://www.hcznb.com/,助农帮
http://www.pjsfax.com/,普金所
http://www.hengyirong.com/,恒易融
http://www.credithc.com/,恒昌利通投资管理有限公司
http://www.huamu.com/,中国花木网
http://www.duwang.com/,度网科技
http://www.shzfcg.gov.cn,上海市政府采购中心
https://www.hyzxyh.com.cn,杭银直销
http://www.ejsh.com.cn/,杭州银行e+生活圈
http://www.hzbank.com.cn/,杭州银行
http://www.spdbccc.com.cn,浦发银行信用卡中心
http://changba.com/,唱吧
http://www.cib.com.cn/,兴业银行
http://www.nala.com.cn,丽子美妆域名2
http://www.meizhuangdaka.com/,美妆大咖
http://www.lizi.com/,丽子美妆
http://www.digiwin.com.cn/,鼎捷软件
http://www.annto.com.cn/,安得域名2
http://www.annto.com/,安得
http://www.littleswan.com.cn,小天鹅域名2
http://www.littleswan.com/,小天鹅
http://www.midea.cm.cn,美的集团2
http://mis.midea.com/,美的集团
https://www.lzbank.com,兰州银行
http://cbit.com.cn,中国银行保险信息技术管理有限公司
http://bank.ecitic.com/,中信银行
http://www.huibo.com/,汇博人才网
http://www.gamedog.cn/,游戏狗
http://www.liantuobank.com/,联拓企业钱包
http://www.kuaishouyin.cn/,快收银
http://www.51book.com/,51Book
http://www.liantuo.com,联拓天际
http://www.axatp.com/,安盛天平
http://www.dji.com/,大疆创新
http://www.ekeban.com/,洽客
http://www.qiakr.com/,洽客
http://www.gtscn.cn/,光速达
http://www.zaih.com,在行
http://www.guokr.com/,果壳网
http://www.asiainfo.com.cn/,亚信科技
http://www.huidang2105.com/,驾了么
https://www.51tuodao.com/,拓道金服
http://www.boc.cn/,中银保险
http://www.ttpai.cn/,天天拍车
http://www.nonobank.com,诺诺镑客
https://www.deepin.com/,deepin深度科技
http://www.nacao.org.cn/,全国组织机构代码管理中心
https://www.douban.com/,豆瓣网
http://www.chery.cn/,奇瑞汽车
http://www.hingesoft.com.cn/,合正软件
http://daoyitong.com/,导医通
http://www.ikang.com,爱康国宾
http://www.tipask.com,tipask问答网
http://iha.org.cn/,International  Hypnotist  Association
http://www.camf.org.cn/,中国婚姻家庭研究会
http://www.gcocp.com/,心理咨询师成长联盟
http://www.siyuanren.com/,华夏思源网
http://www.1caitong.com/,一采通
http://www.51idc.com/,51IDC
http://www.s.cn/,名鞋库
http://www.goyoo.com/,光音网络
https://www.xifuapp.com,喜付
http://www.essence.com.cn/,安信证券
http://www.hx168.com.cn/,华西证券
http://www.csair.com/,中国南方航空
https://www.phpok.com,PHPOK
http://www.founder.com/,方正物产
http://www.xiamenair.com/,厦门航空
http://www.somsds.com/,MSDS查询网
http://www.baofeng.com/,暴风影音
http://www.fdc.com.cn/,亿房网
http://www.yicai.com/,第一财经
http://www.kerrylogistics.com/,嘉里物流
http://libao.cn,利宝保险
http://www.libertymutual.com.cn/,利宝保险
http://bxr.im/,向日葵保险网子站
http://www.xiangrikui.com/,向日葵保险网
http://www.365cyd.com/,创宇盾
https://www.yunaq.com/,知道创宇云安全
http://www.knownsec.com,知道创宇
http://www.hexun.com/,和讯网
http://www.hit.edu.cn/,哈尔滨工业大学
http://www.dzzoffice.com/,DzzOffice
http://sodacar.com/,Soda苏打出行
http://www.xunyou.com/,迅游
http://www.edu24ol.com/,环球网校
http://www.huya.com/,虎牙直播
http://www.duowan.com/,多玩游戏
http://www.yy.com/,YY直播
http://www.huanju.cn/,欢聚时代
http://www.libsys.com.cn/,汇文软件
http://www.qinfagroup.com/,秦发集团
http://www.cmbc.com.cn/,民生银行
http://www.wisemedia.cn/,新数网络
http://www.baomihua.com/,爆米花网
http://www.metinfo.cn/,MetInfo
http://www.eastday.com/,东方网
http://www.vinvest.com.cn,蓝海众投
http://www.gdotc.cn/,广东金融高新区股权交易中心有限公司
http://cenwor.com/,杭州神话信息信息技术有限公司
http://www.51duoying.com/,多盈金融
http://www.phpyun.com/,PHPYun
http://www.sjtu.edu.cn/,上海交通大学
http://www.tianan-insurance.com,天安财险域名2
http://www.95505.cn/,天安网上商城
http://www.95505.com.cn/,天安财险
https://www.xinrong.com/,信融财富
http://www.news.cn/,新华网
http://www.tmsf.com/,透明售房网
http://www.9douyu.com/,九斗鱼
https://www.chenengdai.com/,车能贷
http://www.minshenglife.com/,民生保险
http://www.evergrandelife.com.cn/,恒大人寿
http://www.gtja.com/,国泰君安证券
http://www.cqu.edu.cn/,重庆大学
https://www.haochedai.com/,好车贷
http://www.foresealife.com/,前海人寿
http://www.zihexin.net/,资和信
http://www.zhongronglife.com/,中融人寿保险
http://www.volvocars.com/,沃尔沃集团
http://www.9kus.com/,九库文学
http://www.musikid.com/,乐童音乐
http://www.chinagasholdings.com/,中国燃气
http://duozhuan.cn,多赚
http://www.daichuqu.com/,多赚（贷出去）
http://www.eliteall.com/,小鹰兼职
http://www.bestfenqi.com/,桔子分期二
http://www.juzifenqi.com/,桔子分期
http://www.foundersc.com/,方正证券
http://www.huifub.com/,汇富宝
http://www.jinxin99.cn/,金信网
http://www.gjzq.com.cn,国金证券
http://www.csc108.com/,中信建投证券
https://www.jinpiaotong.com/,金票通
http://cmseasy.cn/,易通软件CmsEasy
https://www.yinhu.com,银湖网
http://www.crfchina.com/,信而富
http://www.gcjr.com/,国诚金融
http://www.dodoca.com/,点点客
http://www.xiaozhu168.com,小猪罐子
http://www.inlineun.com/,云链投资
https://www.weidai.com.cn/,微贷网
http://ahic.com.cn/,安华农业保险
http://www.fenqile.com/,分期乐
http://www.alltrust.com.cn/,永诚保险
http://www.jinyinmao.com.cn/,金银猫
http://yaojixiu.com/,妖姬秀
http://www.modian.com/,摩点网
http://www.wanlianjin.com/,万联金网
https://www.lunqudai.com/,伦取贷
http://www.cic.cn/,中华保险
http://www.citic-prudential.com.cn/,信诚人寿
http://www.zhaoshangdai.com/,招商贷
http://www.longchoudai.com/,隆筹贷
https://www.wzdai.com/,温州贷
http://www.bocichina.com/,中银国际证券
http://www.sino-life.com/,富德生命人寿
http://www.puxinasset.com/,普信资产
http://www.anbanggroup.com/,安邦保险集团
http://www.imzhongxin.com/,众信金融
http://www.shanghailife.com.cn/,上海人寿保险
http://www.licaifan.com,理财范
http://www.touna.cn/,投哪网
https://www.shengcaijinrong.com/,生菜金融
http://www.roadoor.com/,融道网
http://www.jinshangdai.com/,晋商贷
http://www.id68.cn/,理想宝
http://www.1616.net/,1616网址导航
http://www.anrunjinrong.com/,安润金融
http://www.eloancn.com/,翼龙贷
https://www.wanglibao.com,网利宝
http://www.liby.com.cn/,立白
http://www.587766.com,中国工业信息网
http://www.pipi.cn/,皮皮网
http://www.shisu.edu.cn/,上海外国语大学
http://www.cnpc.com.cn/cnpc/index.shtml,中国石油天然气集团
http://www.sitsh.edu.cn/,上海旅游高等专科学校
http://www.sdju.edu.cn/,上海电机学院
http://www.sues.edu.cn,上海工程技术大学
http://www.edhic.com/,鼎和保险
http://www.spic.com.cn/,国家电力投资集团
http://www.wstmall.com/,WSTMall
http://battleofballs.com/,球球大作战
http://www.chubao.cn/,触宝科技
http://www.xiaoniu66.com/,小牛资本
https://www.processon.com,ProcessOn
https://bearyboard.com,白板
http://www.brandnewchina.cn/,薄荷糯米葱（BNC）
http://bank.pingan.com/,平安银行
http://www.kiees.cn/,快递之家
http://www.wanxue.cn/,万学教育
http://www.ituring.com.cn/,图灵社区
http://www.srcb.com/,上海农商银行
http://rrkd.cn/,人人快递
https://www.uber.com/,Uber优步
http://www.allinpay.com/,通联支付
http://www.daojia.com,58到家
http://www.haodf.com/,好大夫在线
http://www.tcl.com/,TCL集团
http://maimai.cn,脉脉
http://www.dotdottech.com/,点点淘
http://www.ntjoy.com/,光阴科技
http://www.baosight.com/,宝信软件
http://www.jjtc.com.cn/,吉林交通职业技术学院
http://www.jljy.edu.cn/,吉林交通职业技术学院
http://www.ibos.com.cn,IBOS
http://www.wusejia.com/,物色家
http://www.xydd.co/,心意点点
http://www.star365.com/,海王星辰
http://www.fanli.com/,返利网
http://www.gzhmu.edu.cn/,广州医科大学
http://www.tju.edu.cn/,天津大学
http://www.xjtu.edu.cn/,西安交通大学
http://www.aynu.edu.cn/,安阳师范学院
http://www.blcu.edu.cn,北京语言大学
http://www.chinaamc.com,华夏基金
http://www.coocaa.com/,酷开
http://www.jxut.edu.cn/,江西科技学院
http://www.tudou.com/,土豆网
http://www.youku.com/,优酷土豆
http://www.tsinghua.org.cn/,清华大学
http://www.tsinghua.edu.cn/,清华大学
http://www.bjtu.edu.cn/,北京交通大学
http://www.qdbhu.edu.cn,青岛滨海学院
http://www.xmu.edu.cn/,厦门大学
http://www.tyut.edu.cn,太原理工大学
http://www.gdut.edu.cn,广东工业大学
http://www.ouc.edu.cn/,中国海洋大学
http://www.php168.net/,国微软件
http://www.ecust.edu.cn/,华东理工大学
http://www.ccnu.edu.cn/,华中师范大学
http://www.shou.edu.cn,上海海洋大学
http://www.suibe.edu.cn/,上海对外经贸大学
http://www.scnu.edu.cn/,华南师范大学
http://www.xaut.cn/,西安理工大学
http://www.xaut.edu.cn/,西安理工大学
http://www.sysu.org.cn/,中山大学
http://www.sysu.cn/,中山大学
http://www.sysu.edu.cn/,中山大学
http://www.sicau.edu.cn/,四川农业大学
http://www.swjtu.edu.cn/,西南交通大学
http://www.snie.edu.cn/,陕西学前师范学院
http://www.snie.cn/,陕西学前师范学院
http://www.snsy.edu.cn/,陕西学前师范学院
http://www.mengdian.com/  ,萌店
http://www.weimob.com/,微盟
http://www.ustc.edu.cn/,中国科学技术大学
http://www.qust.edu.cn,青岛科技大学
http://www.njust.edu.cn/,南京理工大学
http://usco.edu.cn/,上海合作组织大学
http://www.dlufl.edu.cn,大连外国语大学
http://www.nwpu.edu.cn,西北工业大学
http://www.newchinalife.com,新华保险
http://www.jslab6.edu.cn/,江苏省计算机网络技术重点实验室
http://iptas.edu.cn/,CERNET华东(北)地区网络中心
http://www.js.edu.cn/,CERNET华东(北)地区网络中心
http://www.njnet.edu.cn,CERNET 华东(北)地区网络中心
http://www.bjfu.edu.cn/,北京林业大学
http://www.whu.edu.cn/,武汉大学
http://www.bupt.edu.cn/,北京邮电大学
http://www.xahu.edu.cn/,长安大学
http://www.hust.edu.cn,华中科技大学
http://www.dlut.edu.cn/,大连理工大学
http://www.pku.edu.cn/,北京大学
http://www.cust.edu.cn/,长春理工大学
http://www.ecnu.edu.cn/,华东师范大学
http://www.lnut.edu.cn/,辽宁工业大学
http://www.tust.edu.cn,天津科技大学
http://www.nit.edu.cn/,南昌工程学院
http://www.immu.edu.cn/,内蒙古医科大学
http://www.bigc.edu.cn/,北京印刷学院
http://www.jlu.edu.cn,吉林大学
http://www.ujn.edu.cn,济南大学
http://www.sdu.edu.cn/,山东大学
http://www.szu.edu.cn,深圳大学
http://www.szpt.edu.cn/,深圳职业技术学院
http://www.fzu.edu.cn,福州大学
http://www.sdut.edu.cn,山东理工大学
http://shmu.edu.cn/,复旦大学
http://www.fudan.edu.cn,复旦大学
http://www.bit.edu.cn,北京理工大学
http://www.scuec.edu.cn/,中南民族大学
http://www.cmu.edu.cn,中国医科大学
http://www.ncu.cn/,南昌大学（cn）
http://www.jxmu.edu.cn/,南昌大学江西医学院
http://www.ncu.edu.cn,南昌大学
http://www.bjmu.edu.cn,北京大学医学部
http://www.neu.edu.cn/,东北大学
http://www.jgsu.edu.cn/,井冈山大学
http://www.cpu.edu.cn/,中国药科大学
http://www.upc.edu.cn,中国石油大学（华东）
http://www.uestcedu.net/,电子科大出国留学预备教育中心
http://www.uestcedu.com/,电子科技大学网络教育学院
http://www.remotedu.com/,电子科技大学继续教育学院
http://www.jiuye.org,电子科技大学就业网
http://www.uestc.edu.cn/,电子科技大学
http://www.xizi.com/,西子湖畔
http://www.phpshe.com,简好网络
http://www.stocke.com.cn,浙商证券
http://www.cnht.com.cn,恒泰证券
http://www.qian100.com,钱100
http://www.iqiyi.com/,爱奇艺
http://youtaidu.com/,钛度
http://www.tuniu.com/,途牛
http://www.anshengcredit.com/,安盛金融
http://www.appexnetworks.com.cn/,华夏创新
http://www.yiji.com,易极付
http://www.jiechengit.com/,捷成网络
http://www.gnway.com/,金万维
http://www.jdpay.com,京东金融
http://www.prlife.com.cn,珠江人寿
http://www.lvmama.com,驴妈妈
http://www.e-dicc.com.cn/,史带财险
http://www.bcegc.com/,北京建工集团
http://www.longone.com.cn,东海证券
http://www.meituan.com,美团网
http://www.qingfuzaixian.com/,青蚨在线
http://www.darryring.com/,戴瑞珠宝
https://www.jucaicat.com,聚财猫
http://www.kankan.com/,响z看看
http://www.xunlei.com,迅雷
http://100.me/,叮咚小区
http://www.qingcloud.com,青云
http://www.phfund.com.cn,鹏华基金
http://xmeye.net,雄迈科技
http://www.ncfund.com.cn,新华基金
http://www.colourlife.com/,彩生活
http://www.aiyuewan.com,约玩网络
http://www.yiche.com,易车网
http://www.pccb.com/,普资华企
http://www.yirendai.com,宜人贷
http://www.dianping.com/,大众点评
http://glsc.com.cn/,国联证券
http://www.gyzq.com.cn/,国元证券
http://www.wuliaozhuan.com/,无聊赚
http://www.mobp2p.com/,手机贷
http://www.rdscam.com/,锐达视
http://ele.me,饿了么
http://www.benlai.com/,本来生活网
http://www.pptv.com,PPTV
http://www.taohuichang.com ,淘会场
http://www.creditcloud.com/,云信
http://www.shengqiandai.com/,生钱袋
http://www.baojia.com,宝驾租车
http://www.rong360.com,融360
http://www.mszq.com/,民生证券
http://www.taohv.cn/,桃花坞
http://www.icinfo.cn/,汇信科技
http://www.jwx.com.cn/,金卫信
http://24tidy.com/,泰笛
http://www.aili.com,爱丽时尚网
http://www.haier.net,海尔集团
http://www.vlinkage.com/,vlinkage
http://www.okdai.com/,okdai
http://www.sf-express.com/,顺丰集团
http://51lqb.com/,零钱包
http://www.maxthon.cn/,遨游
http://www.265g.com/,265G
http://www.bantangapp.com/,半塘
http://zhexinit.com/,杭州哲信
http://www.ename.com/,易名中国
http://www.kugou.com,酷狗音乐
http://www.gf.com.cn,广发证券
http://www.dimine.net/,迪迈科技
http://www.crc.com.hk,华润集团
http://www.cfzq.com/,财富证券
http://www.91.com/,91
http://www.ppmoney.com/,PPmoney
http://www.banggo.com,邦购网
http://meiqia.com/,美洽
http://www.1jiajie.com/,e家洁
http://5teacher.com/,老师好
http://www.cmge.com/,CMGE中国手游
http://www.miaopai.com/,秒拍
https://www.jinhaidai.com/,金海贷
http://www.360doc.com/,360doc个人图书馆
http://www.dangdang.com/,当当网
http://www.youxigu.com/,游戏谷
http://www.52shangou.com/,闪电购
http://www.shandiangou.com/,闪电购
http://www.piaoyou.org/,票友
http://www.travelsky.net,中国民航信息集团
http://www.sciencenet.cn/,科学网
http://www.sinosig.com/,阳光保险
http://www.tuhu.cn/,途虎养车
http://www.fikker.com,Fikker
http://www.chemayi.com/,车蚂蚁
http://www.56qq.com/,货车帮
http://www.avicsec.com/,中航证券
http://app-echo.com/,echo回声
http://www.jumi18.com/,聚米网
http://www.hzins.com,慧择保险
http://www.cninsure.net ,泛华企业集团
http://www.homelink.com.cn,链家
,民航信息安全管理与测评中心
http://www.shmec.gov.cn/,上海教育门户网站
http://www.shec.edu.cn/,上海市教育委员会
https://www.dianyadian.com,点呀点
http://www.renrendai.com/,人人贷
http://corp.netsun.com/,生意宝
http://www.niwodai.com/,你我贷
http://www.rooyeetone.com/,如意通
http://www.uc.cn/,UC浏览器
http://www.lanxiniu.com/,蓝犀牛
http://www.jobdiy.cn/,兼职达人
http://fotoplace.cc/,足迹
http://www.hao360.cn/,hao360
http://www.dongsport.com/,动网
http://www.laiqian.com,来钱网
https://security.alibaba.com/,阿里巴巴集团
http://www.yijiedai.com/,医界贷
http://www.eetop.cn,EETOP
http://www.xiachufang.com/,下厨房
http://www.rongzi.com/,东方融资网
http://www.ganji.com/,赶集网
http://www.biostime.com.cn,广州市合生元生物制品有限公司
http://www.hisense.com,海信集团
http://www.ruijie.com.cn,锐捷网络
http://www.quyiyuan.com/,趣医网
http://www.anjuke.com,安居客
http://www.xingren.com,杏仁医生
http://www.gou.com,麦乐购
http://www.117go.com,淘在路上
http://www.psbc.com,中国邮政储蓄银行
http://www.zybank.com.cn/,中原银行
http://www.deppon.com,德邦物流
http://www.ncfgroup.com/,网信金融
http://www.ly.com,同程旅游
http://www.cgws.com/,长城证券
http://www.bilibili.com,哔哩哔哩
http://www.wing-cafe.com/,咖啡之翼
http://www.3gsc.com.cn/,3g书城
http://www.guosen.com.cn/,国信证券
http://www.700bike.com,700bike
http://www.xianlife.com,鲜生活
http://www.huobi.com,火币网
http://www.hnahotelsandresorts.com,海航酒店
http://www.urumqi-air.com,乌鲁木齐航空
http://www.fuzhou-air.cn,福州航空
http://www.luckyair.net,祥鹏航空
http://www.chinawestair.com,西部航空
http://www.jdair.net,首都航空
http://www.tianjin-air.com,天津航空
http://www.gengmei.cc,更美
http://www.cernet.com,赛尔网络
http://www.in66.com,我的生活IN记
http://www.dianwoba.com,点我吧
http://www.guaguaxiche.com,呱呱洗车
http://www.lianjia.com,链家网
http://www.lingduohome.com/,窝牛装修
http://www.tianxiatou.cn/,天下投
http://www.dayima.com,大姨吗助手
http://www.fruitday.com,天天果园
http://www.chushi007.com,好厨师
http://www.cr-power.com/,华润电力
http://www.dcpc.com,华润双鹤
http://www.22.cn,爱名网
http://www.cnnvd.org.cn,CNNVD
http://www.zcool.com.cn,站酷
http://www.line0.com,零号线
http://www.szdiyibo.com,第一波网络科技
http://www.lifec.com,生活圈C
http://www.xiaoshouyi.com,销售易
http://www.shenzhenair.com/,深圳航空
http://www.okair.net,奥凯航空
http://www.mypeugeot.com.cn,东风标致
http://www.digitalchina.com,神州数码集团
http://www.cert.org.cn,CNCERT国家互联网应急中心
http://www.cmbchina.com/,招商银行
http://www.weijiankang.org,微能量
http://www.lmf9.com,利魔方
http://www.ibm.com,IBM
http://www.mogujie.com,蘑菇街
http://www.mocentre.com,摩森特(北京)有限公司
http://www.jxlife.com.cn,吉祥人寿
http://www.163.com,网易
http://www.ihangjing.com,杭景科技
http://www.treebear.cn,树熊网络
http://www.chediandian.com,车点点
http://www.iliangcang.com,良仓网
http://17500.cn,乐彩网
http://www.htsc.com,华泰证券
http://www.zhubaodai.com,珠宝贷
http://www.itouzi.com/,爱投资
http://www.mumayi.com,木蚂蚁
http://www.vsigo.cn,视客眼镜网
http://www.jd.com,京东
http://www.picc.com.cn/,中国人民保险
http://www.youcai18.com,有财网
http://www.moseeker.com,上海大岂
http://www.pwrd.com/,完美世界
http://www.qidian.com,起点中文网
http://www.yoyojie.com/,YOYO手游
http://www.51jiecai.com,今日捷财
http://www.hnagroup.com/,海航集团
http://www.xueshandai.com,雪山贷
http://www.gfan.com/,机锋网
http://www.zhangyue.com,掌阅科技
http://www.17ugo.com,优购物
http://www.inspur.com,浪潮集团
http://www.p1p1game.com,派趣科技
http://www.vancl.com,凡客诚品
http://www.zhongjiu.cn,中酒网
http://www.juanpi.com,卷皮网
http://www.hrsec.com.cn,华融证券
http://www.mangocity.com,芒果网
http://www.enet.com.cn,硅谷动力
http://www.39.net,39健康网
http://www.txpc.cn ,天下票仓
http://www.arting365.com,arting365
http://www.duomi.com,多米音乐
http://www.shouji.com.cn,手机乐园
http://www.37.com,37游戏
http://www.meizu.com,魅族科技
http://www.wiselong.com,上海智龙
http://www.tiandy.com,天地伟业
http://www.cocoachina.com,cocoachina
http://www.iwjw.com,爱屋吉屋
http://www.youpu.cn,游谱旅行
http://www.youzu.com,游族网络
http://www.gyyg.com,国药阳光
http://www.jdbchina.com,加多宝
http://demila.org,Demila
http://www.ciming.com,慈铭体检
http://www.visualchina.com,视觉中国
http://www.live800.com/,live800
http://www.fnji.com,梵几家具
http://www.sto.cn,申通快递
http://www.xdf.cn,新东方集团
http://www.zenmen.com,掌门科技
http://www.cntaiping.com/,太平保险
http://www.trimps.ac.cn,公安三所
http://www.365webcall.com,365webcall
http://www.edusoho.com,杭州阔知网络科技有限公司
http://www.cndns.com,美橙互联
http://www.holiland.com,好利来
http://www.huacolor.com,华彩软件站
http://www.b-eps.com,采购宝
http://www.macdwx.com,macd金融网校
http://www.okisbank.com,OK盈行
https://www.ppdai.com,拍拍贷
http://www.lrts.me,懒人听书
http://www.xmnn.cn,厦门网
http://www.open.com.cn,奥鹏教育
https://www.ys7.com/,萤石(ezviz)
http://feixin.10086.cn,中国移动飞信
http://www.sgcc.com.cn,国家电网
http://www.chinalife.com.cn,中国人寿
http://www.jiankongbao.com,监控宝
http://www.hftnet.com,紫垣汉誉（李宁）
http://www.wushang.com,武商网
http://www.downjoy.com,当乐网
http://www.aviva-cofco.com.cn,中英人寿
http://www.feiren.com,腾邦国际
http://www.ccic-net.com.cn,大地保险
http://shandagames.com,盛大游戏
http://www.kibey.com,启维文化
https://www.baidu.com,百度
http://www.kuwo.cn,酷我音乐
http://www.pkufi.com,北大方正人寿
http://www.2345.net,二三四五科技
http://www.ideal.sh.cn,上海理想
http://www.zhihu.com,知乎
http://www.huawei.com,华为
http://www.jiuxian.com,酒仙网
http://www.fx678.com,汇通网
http://www.minxinjituan.com,民信
http://www.bxd365.com,保险岛
http://www.sercis.cn,上海市网络与信息安全应急管理中心
http://www.marriott.com.cn,万豪集团
http://cn.ihg.com,洲际酒店
https://lsrc.vulbox.com/,联想集团
http://www.super8.com.cn,速八酒店
http://www.h3c.com.cn,华三通信
http://www.autohome.com.cn,汽车之家
http://www.taikang.com,泰康人寿
http://www.zhaopin.com,智联招聘
http://www.ceair.com,东方航空
http://www.sina.com.cn,新浪
http://www.gwbnsh.net.cn,长城宽带
http://www.maizuo.com,卖座网
http://www.unionlife.com.cn,合众人寿
http://www.yohobuy.com,有货网
http://www.zte.com.cn,中兴通讯
http://www.cpic.com.cn,太平洋保险
http://www.juneyaoair.com,吉祥航空
http://www.ziroom.com,自如网
https://www.vulbox.com,公益SRC
http://www.suning.com,苏宁易购
https://www.zenzet.com,LOCKet
http://www.pingan.com,平安集团
http://www.qq.com,腾讯
http://www.checkpoint.com.cn,CheckPoint
http://www.qunar.com,去哪儿网
http://www.mi.com,小米科技
http://www.sangfor.com.cn,深信服科技
http://www.360.cn,奇虎360
https://www.vulbox.com,漏洞盒子
