ip/domain,反查域名,百度权重,移动权重,360权重,搜狗权重,谷歌权重
123.56.228.24,cnluyu.com,0,0,0,0,0
121.41.77.9,hbczyizhong.cn,0,0,0,0,0
121.41.77.9,hbczyizhong.com,0,0,0,0,0
117.34.13.40,wwe6.com,1,1,1,0,0
117.34.13.40,huainanjf.com,0,0,0,0,0
117.34.13.40,bossed.com.cn,0,0,0,0,0
117.34.13.40,5yls.com,0,0,0,0,0
117.34.13.40,ht-sim.com,0,0,0,0,0
117.34.13.40,mirrorcn.com,1,1,1,1,0
117.34.13.40,hktzkt.com,0,0,0,0,0
117.34.13.40,huizanyun.cn,0,0,0,0,0
117.34.13.40,a5600.com,0,0,0,0,0
117.34.13.40,01abc.com,0,0,0,0,0
117.34.13.40,wenshidao.cn,0,0,0,0,0
117.34.13.40,0431e.com,0,0,0,0,0
117.34.13.40,alldel.com,0,0,0,0,0
117.34.13.40,chinacpw.com,0,0,0,0,0
117.34.13.40,zzsck.com,0,0,0,0,0
117.34.13.40,028jiulong.com,0,0,0,0,0
117.34.13.40,89335.com,0,0,0,0,1
117.34.13.40,hechaocheng.cn,0,0,0,0,0
117.34.13.40,dongfangtech.net,0,0,0,0,0
117.34.13.40,hycquanwudingzhi.com,0,0,0,0,0
117.34.13.40,8r9.cn,0,0,0,0,0
117.34.13.40,kkeeyy.com.cn,0,0,0,0,0
117.34.13.40,meinvzhan.com,0,0,0,0,0
117.34.13.40,gritworld.cn,0,0,0,0,0
117.34.13.40,131318.com,0,0,0,0,0
117.34.13.40,yoyuz.com,0,0,0,0,0
117.34.13.40,nyskl.org,0,0,0,0,0
117.34.13.40,ra17.cn,0,0,0,0,0
117.34.13.40,liuyangxxw.com,0,0,0,0,0
117.34.13.40,cnu9.com,0,0,0,0,0
117.34.13.40,zsb024.com,0,0,0,0,0
117.34.13.40,108qi.com,5,6,1,3,4
117.34.13.40,51rohs.com,0,0,0,0,0
117.34.13.40,styletv.com.cn,0,0,0,0,0
117.34.13.40,yugugu.com,0,0,0,0,0
117.34.13.40,cslmwyt.com,0,0,0,0,0
117.34.13.40,shbear.com,0,0,0,0,0
117.34.13.40,zhengxingshanghai.com,0,0,0,0,0
117.34.13.40,zhangmei.com,0,0,0,0,0
117.34.13.40,guhantai.com,0,1,0,1,4
117.34.13.40,eduxyw.com,0,0,0,0,0
103.40.163.198,china9y.com,0,0,0,0,0
103.40.163.198,zrt520.com,0,0,0,0,0
119.28.42.94,tzxcc.com,0,0,0,0,0
119.28.42.94,jshygf.com,0,0,0,0,0
119.28.42.94,188w.cn,0,0,0,0,0
119.28.42.94,szxinuo.com,0,0,0,0,0
119.28.42.94,gzhengshun.com,0,0,0,0,0
119.28.42.94,cic-traders.com,0,0,0,0,0
119.28.42.94,94kk.net,0,0,0,0,0
119.28.42.94,bhxfcs.com,0,0,0,0,0
119.28.42.94,cmn100.com,0,0,0,0,0
104.21.13.113,734hs.com,0,0,0,0,0
104.21.13.113,740hs.com,0,0,0,0,0
104.21.13.113,709hs.com,0,0,0,0,0
104.21.13.113,711hs.com,0,0,0,0,0
104.21.13.113,736hs.com,0,0,0,0,0
104.21.13.113,710hs.com,0,0,0,0,0
104.21.13.113,731hs.com,0,0,0,0,0
104.21.13.113,718hs.com,0,0,0,0,0
104.21.13.113,676hs.com,0,0,0,0,0
104.21.13.113,705hs.com,0,0,0,0,0
104.21.13.113,741hs.com,0,0,0,0,0
104.21.13.113,721hs.com,0,0,0,0,0
104.21.13.113,737hs.com,0,0,0,0,0
104.21.13.113,sealmodel.com,0,0,0,0,0
104.21.13.113,728hs.com,0,0,0,0,0
104.21.13.113,732hs.com,0,0,0,0,0
104.21.13.113,bossup.co.th,0,0,0,0,0
104.21.13.113,95994433.com,0,0,0,0,0
104.21.13.113,6526155.vip,0,0,0,0,0
104.21.13.113,clhnb.com,0,0,0,0,0
173.82.236.232,gzspfz.com,0,0,0,0,0
119.28.3.109,zjgys.com.cn,0,0,0,0,0
119.28.3.109,toptextile.net.cn,0,0,0,0,0
119.28.3.109,caiqin-telecom.com,0,0,0,0,0
119.28.3.109,zjghuadian.com,0,0,0,0,0
119.28.3.109,hongyujixie.com,0,0,0,0,0
118.122.142.33,sca.edu.cn,2,3,1,1,0
47.111.27.215,ldzpfb.com,0,0,0,0,0
47.111.27.215,lczygy.cn,0,0,0,0,0
47.101.203.149,xinwujixie.com,0,0,0,0,0
47.101.203.149,jinyichuan.com,0,0,0,0,0
47.101.203.149,sanqinpmj.com,0,0,0,0,0
211.149.237.162,cnjiesheng.com,0,0,0,0,0
211.149.237.162,xy92.com,0,0,0,0,0
211.149.237.162,sincerd.com,0,0,0,0,0
211.149.237.162,90vn.com,0,0,0,0,0
211.149.237.162,8479514.com,0,0,0,0,0
211.149.237.162,sxgmsykj.com,0,0,0,0,0
211.149.237.162,hj998.com.cn,0,0,0,0,0
211.149.237.162,137t.com,0,0,0,0,0
211.149.237.162,sjgmv.com,0,0,0,0,0
211.149.237.162,gaolusi.com,0,0,0,0,0
211.149.237.162,gotoftp1.com,0,0,0,0,0
211.149.237.162,cdyht.com,0,0,0,0,0
211.149.237.162,dxygs.com,0,0,0,0,0
211.149.237.162,jnhycnc.com,0,0,0,0,0
211.149.237.162,coding25.com,0,0,0,0,0
211.149.237.162,16lai.com,0,0,0,0,0
211.149.237.162,qjvps.com,0,0,0,0,0
211.149.237.162,mmwanhe.com,0,0,0,0,0
211.149.237.162,myhostadmin.net,0,0,0,0,0
211.149.237.162,maiptjixie.com,0,0,0,0,0
211.149.237.162,tpyzg.com,0,0,0,0,0
211.149.237.162,shatlasbolaite.com,0,0,0,0,0
211.149.237.162,wuhanhaitai.com,0,0,0,0,0
211.149.237.162,sohuvisa.com,0,0,0,0,0
211.149.237.162,jlh-cn.com,0,0,0,0,0
211.149.237.162,jiangongw.com,2,3,4,2,0
211.149.237.162,blhgj.com.cn,0,0,0,0,0
211.149.237.162,belede.com,0,0,0,0,0
211.149.237.162,sxlxmuseum.com,0,0,0,0,0
211.149.237.162,0855led.com,0,0,0,0,0
211.149.237.162,jiazhengpeixungongsi.com,0,0,0,0,0
211.149.237.162,door4s.com,0,0,0,0,0
211.149.237.162,433199.com,0,0,0,0,0
211.149.237.162,jktti.com,0,0,0,0,0
211.149.237.162,yjshanghui.com,0,0,0,0,0
211.149.237.162,ksquanke.com,0,0,0,0,0
211.149.237.162,chinahonghui.net,0,1,0,0,0
211.149.237.162,yaoqiduo.com,0,0,0,0,0
211.149.237.162,gztxtl.com,0,0,0,0,0
211.149.237.162,0511cjsrq.com,0,0,0,0,0
211.149.237.162,98sn.com,0,0,0,0,0
211.149.237.162,mmdcy.cc,0,0,0,0,0
121.42.109.121,becworks.com.cn,0,0,0,0,0
121.42.109.121,dljsdoor.com,0,0,0,0,0
222.76.218.74,leisente.com,0,0,0,0,0
222.76.218.74,vimchina.com.cn,0,0,0,0,0
222.76.218.74,icomchina.com,0,0,0,0,0
222.76.218.74,cnknln.com,0,0,0,0,0
222.76.218.74,znpower.cn,0,0,0,0,0
222.76.218.74,cn-hongfeng.com,0,0,0,0,0
222.76.218.74,inks.com.cn,0,0,0,0,0
222.76.218.74,entesi.com.cn,0,0,0,0,0
222.76.218.74,esbearing.com,0,0,0,0,0
222.76.218.74,xy-lab.cn,0,0,0,0,0
222.76.218.74,bestcomm.cn,0,0,0,0,0
222.76.218.74,yc-yz.net,0,0,0,0,0
222.76.218.74,dcco.cn,0,0,0,0,0
222.76.218.74,wxag.com,0,0,0,0,0
222.76.218.74,uroica.com.cn,0,0,0,0,0
222.76.218.74,wxwanzhuo.net,0,0,0,0,0
222.76.218.74,511seo.net,0,0,0,0,0
222.76.218.74,eacha.cn,0,0,0,0,0
222.76.218.74,tzlhfdj.com,0,0,0,0,0
222.76.218.74,hongxiangkeji.cn,0,0,0,0,0
222.76.218.74,wxjinshun.net,0,0,0,0,0
222.76.218.74,jxygroup.com,0,0,0,0,0
222.76.218.74,whblower.com,0,0,0,0,0
222.76.218.74,yumin.com,0,0,0,0,0
222.76.218.74,ecosoft-carpet.com,0,0,0,0,0
222.76.218.74,fmdry.com,0,0,0,0,0
222.76.218.74,33trip.com,0,0,0,0,0
222.76.218.74,314100.com,0,0,0,0,0
222.76.218.74,east-haocai.com,0,0,0,0,0
222.76.218.74,china-washer.com,0,0,0,0,0
222.76.218.74,15605925555.com,0,0,0,0,0
222.76.218.74,wxgcjs.com,0,0,0,0,0
222.76.218.74,btbjx.com,0,0,0,0,0
222.76.218.74,wxddhg.com,0,0,0,0,0
222.76.218.74,gznn.org.cn,0,0,0,0,0
222.76.218.74,dingshen.com,0,0,0,0,0
222.76.218.74,wxrzdl.com,0,0,0,0,0
222.76.218.74,66666000.cn,0,0,0,0,0
222.76.218.74,yzdongsheng.com,0,0,0,0,0
222.76.218.74,menwx.com,0,0,0,0,0
222.76.218.74,cz-hongwei.com,0,0,0,0,0
222.76.218.74,fjdejing.com,0,0,0,0,0
222.76.218.74,yixingart.com,0,0,0,0,0
222.76.218.74,ding-yang.com,0,0,0,0,0
222.76.218.74,zy-bearing.com,0,0,0,0,0
222.76.218.74,hxtoten.com,0,0,0,0,0
180.178.35.195,nb567.com,0,0,0,0,0
180.178.35.195,xu7.cc,0,0,0,0,0
180.178.35.195,kku888.com,0,0,0,0,0
180.178.35.195,yvj.cc,0,0,0,0,0
180.178.35.195,j0.pw,0,0,0,0,0
180.178.35.195,gjjy-gov.cn,0,0,0,0,0
180.178.35.195,8wp.cc,0,0,0,0,0
180.178.35.195,4x.pw,0,0,0,0,0
180.178.35.195,changyichuanqi.cn,0,0,0,0,0
180.178.35.195,yazewg.com,0,0,0,0,0
180.178.35.195,782snj.com,0,0,0,0,0
180.178.35.195,ghzcq.top,0,0,0,0,0
180.178.35.195,3ygg.cn,0,0,0,0,0
180.178.35.195,yizhongjt.com,0,0,0,0,0
180.178.35.195,027sjht.com,0,0,0,0,0
180.178.35.195,939tk.com,0,0,0,0,0
180.178.35.195,zhuxin.cn,0,0,0,0,0
180.178.35.195,sf928.cn,0,0,0,0,0
180.178.35.195,javbook.top,0,0,0,0,0
180.178.35.195,155pk.top,0,0,0,0,0
180.178.35.195,shgaoyu.com,0,0,0,0,0
180.178.35.195,586h.com,0,0,0,0,0
180.178.35.195,cmnl.tk,0,0,0,0,0
180.178.35.195,idcay.com,0,0,0,0,0
180.178.35.195,22eq.com,0,0,0,0,0
180.178.35.195,1235856.ltd,0,0,0,0,0
180.178.35.195,papapamm2.com,0,0,0,0,0
180.178.35.195,lthuanbao.com,0,0,0,0,0
180.178.35.195,afhbsb.com,0,0,0,0,0
180.178.35.195,988tk.com,0,0,0,0,0
180.178.35.195,tctsp.com,0,0,0,0,0
180.178.35.195,elevator-software.com,0,0,0,0,0
180.178.35.195,jljs.org.cn,0,0,0,0,0
180.178.35.195,zikao2015.com,0,0,0,0,0
180.178.35.195,yikaoyishi.com,0,0,0,0,0
180.178.35.195,bt288.com,0,0,0,0,0
180.178.35.195,1234564.com,0,0,0,0,0
180.178.35.195,bannerdemo.com,0,0,0,0,0
180.178.35.195,yuxiwangluo.com,0,0,0,0,0
103.27.209.243,100sfw.com,0,0,0,0,0
36.137.223.26,100trust.com,0,0,0,0,0
42.236.75.55,stcyzzwy.com,0,0,0,0,0
42.236.75.55,snhbly.com,0,0,0,0,0
42.236.75.55,lyxytj.com,0,0,0,0,0
42.236.75.55,lystdjd.com,0,0,0,0,0
121.42.121.227,lixingjixie.cn,0,1,0,0,2
121.42.121.227,yowiip.com,0,0,0,0,0
121.42.121.227,fuxiangyuan.cn,0,0,0,0,0
121.42.121.227,lvyoulvshi.com,0,0,0,0,0
121.42.121.227,maitugongmo.cn,0,0,0,0,0
121.42.121.227,zjkangsen.com,0,0,0,0,0
121.42.121.227,cqmgzg.com,0,0,0,0,0
121.42.121.227,brinkmann-china.com.cn,0,0,0,0,0
121.42.121.227,my3w.com,0,0,0,0,0
121.42.121.227,duxiuyinxiang.com,0,0,0,0,0
154.23.133.180,youhuaxia.com,0,0,0,0,0
154.23.133.180,020lcd.com,0,0,0,0,0
154.23.133.180,xingfunini.com,0,0,0,0,0
154.23.133.180,xunheng.com,0,0,0,0,0
149.127.228.158,xyz29.com,0,0,0,0,0
154.85.62.14,zjxiangyang.com,0,0,0,0,0
154.85.62.14,521c.com,0,0,0,0,0
154.85.62.14,yodsn.com,0,0,0,0,0
154.85.62.14,gruigoo.com,0,0,0,0,0
154.85.62.14,hzyakun.com,0,0,0,0,0
154.85.62.14,bjwww.vip,0,0,0,0,0
154.85.62.14,1688cz.com,0,0,0,0,0
154.85.62.14,morrison.com.cn,0,0,0,0,0
154.85.62.14,mml.cn,0,0,0,0,0
154.85.62.14,china-chip.com,0,0,0,0,0
154.85.62.14,siuc.cn,0,0,0,0,0
154.85.62.14,toca.cn,0,0,0,0,0
154.85.62.14,xs21.com,0,0,0,0,0
154.85.62.14,stroe.org,0,0,0,0,0
154.85.62.14,ls-brakes.com,0,0,0,0,0
154.85.62.14,tianbangjx.com,0,0,0,0,0
154.85.62.14,tzchache.com,0,0,0,0,0
154.85.62.14,jskjdz.com,0,0,0,0,0
154.85.62.14,yx71.com,0,0,0,0,0
154.85.62.14,metalique.cn,0,0,0,0,0
154.85.62.14,zhishanfm.com,0,0,0,0,0
154.85.62.14,wxltzb.com,0,0,0,0,0
154.85.62.14,wlbrg.com,0,0,0,0,0
154.85.62.14,v5188.com,0,0,0,0,0
154.85.62.14,newshongkong.net,0,0,0,0,0
154.85.62.14,bjwwwinc.com,0,0,0,0,0
154.85.62.14,fshongyi.cn,0,0,0,0,0
154.85.62.14,xm-hm.com,0,0,0,0,0
154.85.62.14,fzhzxh.com,0,0,0,0,0
154.85.62.14,szjwwj.com,0,0,0,0,0
154.85.62.14,tx112.com,0,0,0,0,0
154.85.62.14,soolo.com,0,0,0,0,0
154.85.62.14,yxhssk.com,0,0,0,0,0
154.85.62.14,hzszyh.com,0,0,0,0,0
154.85.62.14,czfgmoto.com,0,0,0,0,0
121.42.78.202,shkhyq.com,0,0,0,0,0
183.134.101.88,hjhxjy.com,0,0,0,0,0
183.134.101.88,vex-log.com,0,0,0,0,0
183.134.101.88,4006004357.com,0,0,0,0,0
45.134.82.27,tzhcpvc.com,0,0,0,0,0
45.134.82.27,ntfk168.com,0,0,0,0,0
45.134.82.27,topkong.cn,0,0,0,0,0
45.134.82.27,304bxgbx.com,0,0,0,0,0
45.134.82.27,dgfoor.com,0,0,0,0,0
45.134.82.27,yesetiantang.top,0,0,0,0,0
45.134.82.27,ntzhcz.com,0,0,0,0,0
45.134.82.27,xygre.com,0,0,0,0,0
45.134.82.27,ntkaige.com,0,0,0,0,0
45.134.82.27,jstailong.cn,0,0,0,0,0
45.134.82.27,dlklhs.com,0,0,0,0,0
45.134.82.27,sx-kneader.com,0,0,0,0,0
45.134.82.27,17701480110.com,0,0,0,0,0
45.134.82.27,xianxfzl.com,0,0,0,0,0
45.134.82.27,gx0769.com,0,0,0,0,0
45.134.82.27,ntysjy.com,0,0,0,0,0
45.134.82.27,cailithread.com,0,0,0,0,0
45.134.82.27,ls-moonwell.com,0,0,0,0,0
45.134.82.27,szdelta.cn,0,0,0,0,0
45.134.82.27,jsjwbxg.com,0,0,0,0,0
45.134.82.27,jyxckj.com,0,0,0,0,0
45.134.82.27,sysyqcc.com,0,0,0,0,0
45.134.82.27,nthjbz.cn,0,0,0,0,0
45.134.82.50,cnntzr.com,0,0,0,0,0
45.134.82.50,justnet.cn,0,0,0,0,0
45.134.82.50,czylbz.com,0,0,0,0,0
45.134.82.50,ntdzcj.com,0,0,0,0,0
45.134.82.50,hsh88.com.cn,0,0,0,0,0
45.134.82.50,304bxgd.com,0,0,0,0,0
45.134.82.50,kingec.com,0,0,0,0,0
45.134.82.50,nttljyj.com,0,0,0,0,0
45.134.82.50,gxmyjc.com,0,0,0,0,0
45.134.82.50,xcccs.com,0,0,0,0,0
45.134.82.50,kr-fj.com,0,0,0,0,0
45.134.82.50,rlhardware.com,0,0,0,0,0
45.134.82.50,0513360.cn,0,0,0,0,0
45.134.82.50,syjmgg.com,0,0,0,0,0
45.134.82.50,ntlcfj.com,0,0,0,0,0
45.134.82.50,szsmggg.com,0,0,0,0,0
45.134.82.50,xiantaifengdianqi.com,0,0,0,0,0
45.134.82.50,jshaianshihua.cn,0,0,0,0,0
45.134.82.50,haianzj.com,0,0,0,0,0
45.134.82.50,qdtyjd.com,0,0,0,0,0
45.134.82.50,ntzscj.cn,0,0,0,0,0
45.134.82.50,hshliuxin.com,0,0,0,0,0
45.134.82.50,hongtai-fire.com,0,0,0,0,0
45.134.82.50,sxfengmuji.com,0,0,0,0,0
45.134.82.50,pojto.com,0,0,0,0,0
45.134.82.50,wnzcq.com,0,0,0,0,0
45.134.82.50,czguoan.com,0,0,0,0,0
45.134.82.50,jk120ask.com,0,0,0,0,0
45.134.82.50,keweidiagnostic.com,0,0,0,0,0
112.121.181.130,dppower.com.cn,0,0,0,0,0
112.121.181.130,okzhen.com,0,0,0,0,0
112.121.181.130,nbhengke.net,0,0,0,0,0
112.121.181.130,yanshikongjian.com,0,0,0,0,0
112.121.181.130,3sconsulting-group.com,0,0,0,0,0
112.121.181.130,sips.cn,0,0,0,0,0
112.121.181.130,shaoshan.com.cn,0,0,0,0,0
202.86.128.181,rockone.com.cn,0,0,0,0,0
170.106.172.68,shsunwin.cn,0,0,0,0,0
139.224.199.180,hazelai.cn,0,0,0,0,0
139.224.199.180,yd-ys.cn,0,0,0,0,0
154.85.52.77,cnpacific.com,0,0,0,0,0
154.85.52.77,jntfj.com,0,0,0,0,0
154.85.52.77,boaosteel.com,0,0,0,0,0
154.85.52.77,mxusebikekit.com,0,0,0,0,0
154.85.52.77,yyhgg.com,0,0,0,0,0
154.85.52.77,ipling.cn,0,0,0,0,0
154.85.52.77,jslianyu.com,0,0,0,0,0
154.85.52.77,cixihuayu.cn,0,0,0,0,0
154.85.52.77,urb.com.cn,0,0,0,0,0
154.85.52.77,qiaoyuanmetal.com,0,0,0,0,0
154.85.52.77,yjrhfm.com,0,0,0,0,0
154.85.52.77,ahyt.org,0,0,0,0,0
154.85.52.77,zsind.com,0,0,0,0,0
154.85.52.77,clc-pmm.com,0,0,0,0,0
154.85.52.77,sanwei-casting.com,0,0,0,0,0
154.85.52.77,andy-karey.com,0,0,0,0,0
154.85.52.77,jiaxianggroup.com,0,0,0,0,0
154.85.52.77,ronghepm.com,0,0,0,0,0
154.85.52.77,hfc.com.cn,0,0,0,0,0
154.85.52.77,qztm.net,0,0,0,0,0
154.85.52.77,china-shibang.com,0,0,0,0,0
154.85.52.77,yx-sm.cn,0,0,0,0,0
154.85.52.77,hnkjr.com,0,0,0,0,0
154.85.52.77,yxlnxh.com,0,0,0,0,0
154.85.52.77,zheshang.cn,0,0,0,0,0
154.85.52.77,stjingyi.com,0,0,0,0,0
154.85.52.77,bbkingball.com,0,0,0,0,0
154.85.52.77,mxus-group.com,0,0,0,0,0
154.85.52.77,jrele.cn,0,0,0,0,0
154.85.52.77,yingfeifengji.com,0,0,0,0,0
154.85.52.77,kcjq.com,0,0,0,0,0
154.85.52.77,inflatablesunway.com,0,0,0,0,0
154.85.52.77,uav-cn.com,0,0,0,0,0
120.133.5.73,cqjmx.com,3,4,0,0,3
120.133.5.73,ms205.net,0,0,0,0,0
120.133.5.73,sorchina.com,0,0,0,0,0
120.133.5.73,epublic.com.cn,0,0,0,0,0
120.133.5.73,materchem.com,0,0,0,0,0
120.133.5.73,xing-ye.com,0,0,0,0,0
120.133.5.73,gdhdgcjc.com,0,0,0,0,0
120.133.5.73,bosaite.com,0,0,0,0,0
120.133.5.73,weilindai.org,0,0,0,0,0
120.133.5.73,quarrz.com.cn,0,0,0,0,0
120.133.5.73,juneng2008.com,0,0,0,0,0
120.133.5.73,cowzn.com,0,0,0,0,0
120.133.5.73,ylydsw.cn,0,0,0,0,0
120.133.5.73,yqdcn.com,0,0,0,0,0
129.204.65.191,dojoo.cn,0,0,0,0,0
110.88.129.91,zjstjh.com,0,0,0,0,0
110.88.129.91,zjpeiyang.com,0,0,0,0,0
110.88.129.91,sjhb.cn,0,0,0,0,0
110.88.129.91,dyqzd.com,0,0,0,0,0
110.88.129.91,hzlvjing.com,0,0,0,0,0
110.88.129.91,ywjryy.com,0,0,0,0,0
110.88.129.91,tlkzf.com,0,0,0,0,0
110.88.129.91,hkhky.com,0,0,0,0,0
110.88.129.91,zjshengda.net,0,0,0,0,0
110.88.129.91,xycjy.com.cn,0,0,0,0,0
110.88.129.91,xmxyq.cn,0,0,0,0,0
110.88.129.91,yzmuwang.com,0,0,0,0,0
110.88.129.91,sxmxhd.cn,0,0,0,0,0
110.88.129.91,xyswd.com.cn,0,0,0,0,0
110.88.129.91,ccqqyy.com,0,0,0,0,0
110.88.129.91,4822.com,0,0,0,0,0
110.88.129.91,mybeian.com,0,0,0,0,0
110.88.129.91,wry008.com,0,0,0,0,0
110.88.129.91,wry002.com,0,0,0,0,0
110.88.129.91,58kcw.com,0,0,0,0,0
110.88.129.91,zhidao.cn,0,0,0,0,0
110.88.129.91,zhangzhouchache.com,0,0,0,0,0
110.88.129.91,quanzhouchache.com,0,0,0,0,0
110.88.129.91,hz597.cn,0,0,0,0,0
110.88.129.91,songcai1688.net,0,0,0,0,0
110.88.129.91,js-daying.com,0,0,0,0,0
110.88.129.91,gtchy.com,0,0,0,0,0
110.88.129.91,one-in.cn,0,0,0,0,0
110.88.129.91,bestjy.com,0,0,0,0,0
110.88.129.91,qzmdc.com,0,0,0,0,0
110.88.129.91,qztxkj.cn,0,0,0,0,0
110.88.129.91,nnbaby.com,0,0,0,0,0
110.88.129.91,jxmjgcp.com,0,0,0,0,0
110.88.129.91,baduseal.com,0,0,0,0,0
110.88.129.91,1il.cn,0,0,0,0,0
110.88.129.91,0579zc.com,0,0,0,0,0
110.88.129.91,znzdy.com,0,0,0,0,0
110.88.129.91,ywsuanming.com,0,0,0,0,0
110.88.129.91,okdygm.com,0,0,0,0,0
110.88.129.91,shanghai28.com,0,0,0,0,0
110.88.129.91,asiaytl.com.cn,0,0,0,0,0
110.88.129.91,skyavenues.com,0,0,0,0,0
110.88.129.91,wellvalve.com,0,0,0,0,0
110.88.129.91,xmglj8866.com,0,0,0,0,0
110.88.129.91,fuyu-china.com,0,0,0,0,0
47.75.181.128,gdnantes.com,0,0,0,0,0
47.75.181.128,biaomei.cc,0,0,0,0,0
47.75.181.128,mcbmc.cn,0,0,0,0,0
47.75.181.128,fshb888.com,0,0,0,0,0
47.75.181.128,fsyaodeli.com,0,0,0,0,0
47.75.181.128,gdhongtian.com,0,0,0,0,0
47.75.181.128,tangyujin.com,0,0,0,0,0
47.75.181.128,fsbuffalo.com,0,0,0,0,0
47.75.181.128,shanmeng.com.cn,0,0,0,0,0
47.75.181.128,boshimei.cn,0,0,0,0,0
47.75.181.128,sjxbxg.com,0,0,0,0,0
47.75.181.128,op-fast.com,0,0,0,0,0
47.75.181.128,fsyszuche.com,0,0,0,0,0
cnluyu.com,cnluyu.com,0,0,0,0,0
scxiaonianqing.com,scxiaonianqing.com,0,0,0,0,0
hbczyizhong.cn,hbczyizhong.cn,0,0,0,0,0
handsoffmyassets.com,handsoffmyassets.com,0,0,0,0,0
hnzhongzhai.com,hnzhongzhai.com,0,0,0,0,0
103.40.163.198,china9y.com,0,0,0,0,0
103.40.163.198,zrt520.com,0,0,0,0,0
balisong.cn,balisong.cn,0,0,0,0,0
94kk.net,94kk.net,0,0,0,0,0
shaiginott.com,shaiginott.com,0,0,0,0,0
686055.com,686055.com,0,0,0,0,0
pepperoni-mp3.com,pepperoni-mp3.com,0,0,0,0,0
ymhcn.com,ymhcn.com,0,0,0,0,0
jynykj01.com,jynykj01.com,0,0,0,0,0
1leshop.cn,1leshop.cn,0,0,0,0,0
215600.net,215600.net,0,0,0,0,0
sca.edu.cn,sca.edu.cn,2,3,1,1,0
ahcfwl.com,ahcfwl.com,0,0,0,0,0
yurongjx.com,yurongjx.com,0,0,0,0,0
cukhlpy.cn,cukhlpy.cn,0,0,0,0,0
86lightyear.com,86lightyear.com,0,0,0,0,0
gotoip1.com,gotoip1.com,0,0,0,0,0
gzqcxscp.com,gzqcxscp.com,0,0,0,0,0
hbflygy.com,hbflygy.com,0,0,0,0,0
hbsdsy.com,hbsdsy.com,0,0,0,0,0
sdlybaidu.com,sdlybaidu.com,0,0,0,0,0
elove520.com,elove520.com,0,0,0,0,0
100sfw.com,100sfw.com,0,0,0,0,0
100trust.com,100trust.com,0,0,0,0,0
42.236.75.55,stcyzzwy.com,0,0,0,0,0
42.236.75.55,snhbly.com,0,0,0,0,0
42.236.75.55,lyxytj.com,0,0,0,0,0
42.236.75.55,lystdjd.com,0,0,0,0,0
entechsensor.com,entechsensor.com,0,0,0,0,0
xhydj.com,xhydj.com,0,0,0,0,0
xhiq.cn,xhiq.cn,0,0,0,0,0
nbbaoan.cn,nbbaoan.cn,0,0,0,0,0
7caiqiao.com,7caiqiao.com,0,0,0,0,0
xyz29.com,xyz29.com,0,0,0,0,0
iqyh.cn,iqyh.cn,0,0,0,0,0
shkhyq.com,shkhyq.com,0,0,0,0,0
4006004357.com,4006004357.com,0,0,0,0,0
topkong.cn,topkong.cn,0,0,0,0,0
yn377.com,yn377.com,0,0,0,0,0
yanshikongjian.com,yanshikongjian.com,0,0,0,0,0
vex-log.com,vex-log.com,0,0,0,0,0
rockone.com.cn,rockone.com.cn,0,0,0,0,0
shsunwin.cn,shsunwin.cn,0,0,0,0,0
kqbzj.com,kqbzj.com,0,0,0,0,0
vpn358.com,vpn358.com,0,0,0,0,0
jszhcdq.cn,jszhcdq.cn,0,0,0,0,0
hbtzjf.com,hbtzjf.com,0,0,0,0,0
bjhcjt.com,bjhcjt.com,0,0,0,0,0
ogechain.com,ogechain.com,0,0,0,0,0
coalball.net,coalball.net,0,0,0,0,0
kuojietech.cn,kuojietech.cn,0,0,0,0,0
gdhongtian.com,gdhongtian.com,0,0,0,0,0
yxvh.cn,yxvh.cn,0,0,0,0,0
wifk.cn,wifk.cn,0,0,0,0,0
12047.cn,12047.cn,0,0,0,0,0
pjlysz.cn,pjlysz.cn,0,0,0,0,0
syncedu.cn,syncedu.cn,0,0,0,0,0
dnsrw.com,dnsrw.com,0,0,0,0,0
ypua.cn,ypua.cn,0,0,0,0,0
111.67.192.164,hongtongtea.com,0,0,0,0,0
goto138.com,goto138.com,0,0,0,0,0
eunp.cn,eunp.cn,0,0,0,0,0
hdxh0759.com,hdxh0759.com,0,0,0,0,0
canalrural.cn,canalrural.cn,0,0,0,0,0
ghval.com,ghval.com,0,0,0,0,0
hstyzc.cn,hstyzc.cn,0,0,0,0,0
a0b3c7.cn,a0b3c7.cn,0,0,0,0,0
zaisn.cn,zaisn.cn,0,0,0,0,0
otmb.cn,otmb.cn,0,0,0,0,0
zswb.com.cn,zswb.com.cn,0,0,0,0,0
zzhxzk.cn,zzhxzk.cn,0,0,0,0,0
yhesdf.cn,yhesdf.cn,0,0,0,0,0
changrongdiaosu.com,changrongdiaosu.com,0,0,0,0,0
alltju.cn,alltju.cn,0,0,0,0,0
fonl.cn,fonl.cn,0,0,0,0,0
420808.com,420808.com,0,0,0,0,0
hljucm.net,hljucm.net,2,2,1,0,0
phzbky.cn,phzbky.cn,0,0,0,0,0
lwkx.org,lwkx.org,0,0,0,0,0
a9b7c3.cn,a9b7c3.cn,0,0,0,0,0
mx07.cn,mx07.cn,0,0,0,0,0
hbqlytzg.com,hbqlytzg.com,0,0,0,0,0
wfxinlvzhou.com,wfxinlvzhou.com,0,0,0,0,0
cxpyqy.com,cxpyqy.com,0,0,0,0,0
fshj118.com,fshj118.com,0,0,0,0,0
mumu23com.cn,mumu23com.cn,0,0,0,0,0
ycubhb.cn,ycubhb.cn,0,0,0,0,0
lchome.cn,lchome.cn,0,0,0,0,0
hllantern.com,hllantern.com,0,0,0,0,0
hztongli.com.cn,hztongli.com.cn,0,0,0,0,0
hongying99.com,hongying99.com,0,0,0,0,0
asemi.vip,asemi.vip,0,0,0,0,0
zelao.com,zelao.com,0,0,0,0,0
ydcthg.com,ydcthg.com,0,0,0,0,0
xn--gmq48tvsi3fk95lcon.cn,xn--gmq48tvsi3fk95lcon.cn,0,0,0,0,0
ssssfjxh.com,ssssfjxh.com,0,0,0,0,0
wbdz.cn,wbdz.cn,0,0,0,0,0
hnxiangda.com,hnxiangda.com,0,0,0,0,0
sail9000.com,sail9000.com,0,0,0,0,0
wpdljx.com,wpdljx.com,0,0,0,0,0
gdyushang.com,gdyushang.com,0,0,0,0,0
cdfengjie.com,cdfengjie.com,0,0,0,0,0
2220523666.cn,2220523666.cn,0,0,0,0,0
juanzitq.com,juanzitq.com,0,0,0,0,0
dcqhcq.cn,dcqhcq.cn,0,0,0,0,0
njmybj.cn,njmybj.cn,0,0,0,0,0
ibwexpo.com,ibwexpo.com,0,0,0,0,0
lzxjsz.com,lzxjsz.com,0,0,0,0,0
bostet.com.cn,bostet.com.cn,0,0,0,0,0
jxgzgl.com,jxgzgl.com,0,0,0,0,0
kshybzz.com,kshybzz.com,0,0,0,0,0
sanpuzx.com,sanpuzx.com,0,0,0,0,0
hbjinkaidi.com,hbjinkaidi.com,0,0,0,0,0
zyzye.cn,zyzye.cn,0,0,0,0,0
c-smartoffice.com,c-smartoffice.com,0,0,0,0,0
china-jstar.com,china-jstar.com,0,0,0,0,0
yushangguoxue.com,yushangguoxue.com,0,0,0,0,0
banjia0531.com,banjia0531.com,0,0,0,0,0
x5hg.com,x5hg.com,0,0,0,0,0
fszjf.cn,fszjf.cn,0,0,0,0,0
